id,products_data_id,rating,review,review_date,data_cadastro
1,1,Avalia√ß√£o 4 de 5,"As tintas duram pouco, mas acredito que seja um problema da hp e n√£o s√≥ do produto em si.",13 jun. 2025,2025-06-15 04:49:20
2,1,Avalia√ß√£o 5 de 5,"Muito bom,vou voltar a comprar de novo.",29 mai. 2025,2025-06-15 04:49:22
3,1,Avalia√ß√£o 5 de 5,J√° sou cliente faz tempo.,28 mai. 2025,2025-06-15 04:49:24
4,1,Avalia√ß√£o 5 de 5,Excelente!.,16 mai. 2025,2025-06-15 04:49:26
5,1,Avalia√ß√£o 5 de 5,Excelente produto.,28 abr. 2025,2025-06-15 04:49:28
6,1,Avalia√ß√£o 5 de 5,Funcionando bem.,25 abr. 2025,2025-06-15 04:49:31
7,1,Avalia√ß√£o 5 de 5,"Comprei para guardar, mas verifiquei que todos s√£o genu√≠nos. Estou avaliando baseado nos cartuchos serem originais. Pois ainda n√£o utilizei nenhum deles.",21 abr. 2025,2025-06-15 04:49:33
8,1,Avalia√ß√£o 5 de 5,Bom material.,14 mar. 2025,2025-06-15 04:49:35
9,1,Avalia√ß√£o 5 de 5,Excelente.,16 dez. 2024,2025-06-15 04:49:37
10,1,Avalia√ß√£o 5 de 5,Bom.,19 nov. 2024,2025-06-15 04:49:39
11,2,Avalia√ß√£o 5 de 5,A. Melhor marca que existe hp.,15 out. 2024,2025-06-15 04:49:49
12,2,Avalia√ß√£o 5 de 5,Pre√ßo justo e qualidade superior.,17 set. 2024,2025-06-15 04:49:51
13,2,Avalia√ß√£o 5 de 5,Excelente produto original.,28 mai. 2025,2025-06-15 04:49:53
14,2,Avalia√ß√£o 5 de 5,Muito bom.,02 mai. 2025,2025-06-15 04:49:56
15,2,Avalia√ß√£o 5 de 5,"Muito bom, gostei!.",16 abr. 2025,2025-06-15 04:49:58
16,2,Avalia√ß√£o 5 de 5,Cartucho original √© originalmente excelente.,08 mar. 2025,2025-06-15 04:50:00
17,2,Avalia√ß√£o 5 de 5,Muito bom.,08 mar. 2025,2025-06-15 04:50:02
18,2,Avalia√ß√£o 5 de 5,Fiz no m√°ximo 20 impress√µes em modo econ√¥mico e a tinta acabou. N√£o compro mais.,19 fev. 2025,2025-06-15 04:50:04
19,2,Avalia√ß√£o 5 de 5,√ìtimo.,19 fev. 2025,2025-06-15 04:50:06
20,2,Avalia√ß√£o 5 de 5,Boa compra.,05 fev. 2025,2025-06-15 04:50:08
21,3,Avalia√ß√£o 4 de 5,"As tintas duram pouco, mas acredito que seja um problema da hp e n√£o s√≥ do produto em si.",13 jun. 2025,2025-06-15 04:50:19
22,3,Avalia√ß√£o 5 de 5,"Muito bom,vou voltar a comprar de novo.",29 mai. 2025,2025-06-15 04:50:21
23,3,Avalia√ß√£o 5 de 5,J√° sou cliente faz tempo.,28 mai. 2025,2025-06-15 04:50:23
24,3,Avalia√ß√£o 5 de 5,Excelente!.,16 mai. 2025,2025-06-15 04:50:25
25,3,Avalia√ß√£o 5 de 5,Excelente produto.,28 abr. 2025,2025-06-15 04:50:27
26,3,Avalia√ß√£o 5 de 5,Funcionando bem.,25 abr. 2025,2025-06-15 04:50:29
27,3,Avalia√ß√£o 5 de 5,"Comprei para guardar, mas verifiquei que todos s√£o genu√≠nos. Estou avaliando baseado nos cartuchos serem originais. Pois ainda n√£o utilizei nenhum deles.",21 abr. 2025,2025-06-15 04:50:31
28,3,Avalia√ß√£o 5 de 5,Bom material.,14 mar. 2025,2025-06-15 04:50:33
29,3,Avalia√ß√£o 5 de 5,Excelente.,16 dez. 2024,2025-06-15 04:50:35
30,3,Avalia√ß√£o 5 de 5,Bom.,19 nov. 2024,2025-06-15 04:50:37
31,4,Avalia√ß√£o 5 de 5,Cartucho original √© sempre a melhor op√ß√£o.,04 jun. 2024,2025-06-15 04:50:48
32,4,Avalia√ß√£o 5 de 5,Muito bom sem defeitos grato.,20 mai. 2024,2025-06-15 04:50:50
33,4,Avalia√ß√£o 5 de 5,Pouca tinta.,15 jul. 2024,2025-06-15 04:50:52
34,4,Avalia√ß√£o 4 de 5,2ml √© muito pouco ‚Ä¶ hp devia por mais tinta.,01 jun. 2025,2025-06-15 04:50:54
35,4,Avalia√ß√£o 5 de 5,Pena que s√£o apenas 2ml.,26 jul. 2024,2025-06-15 04:50:57
36,4,Avalia√ß√£o 4 de 5,"Preciso de mais tempo para avaliar o produto, principalmente no quesito durabilidade.",19 jun. 2024,2025-06-15 04:50:59
37,4,Avalia√ß√£o 5 de 5,"Muito bom, produto de √≥tima qualidade!.",04 jun. 2024,2025-06-15 04:51:01
38,4,Avalia√ß√£o 5 de 5,Produto original.,13 mai. 2025,2025-06-15 04:51:03
39,4,Avalia√ß√£o 5 de 5,"Produto bom, s√≥ acaba muito r√°pido üò≠.",14 jun. 2025,2025-06-15 04:51:05
40,4,Avalia√ß√£o 5 de 5,Vou testar e voltarei.,09 mai. 2025,2025-06-15 04:51:07
41,5,Avalia√ß√£o 4 de 5,"N√£o presta, falsificado. Acabou depois 30 c√≥pias.",04 mar. 2025,2025-06-15 04:51:18
42,5,Avalia√ß√£o 4 de 5,Acaba r√°pido.,04 fev. 2025,2025-06-15 04:51:20
43,5,Avalia√ß√£o 5 de 5,"Produto de √≥tima qualidade, recomendo muito bom amei! üòç‚ô•Ô∏è.",25 jun. 2024,2025-06-15 04:51:22
44,5,Avalia√ß√£o 4 de 5,"Vamos ver se vai durar bastante, da ultima vez que comprei n√£o durou muito.",28 jan. 2025,2025-06-15 04:51:24
45,5,Avalia√ß√£o 5 de 5,Produto √© bom mas n√£o dura muito.,27 jan. 2025,2025-06-15 04:51:26
46,5,Avalia√ß√£o 5 de 5,"Testei , reconheceu facilmente, imagem boa ! ok s√≥ vamos ver quanto vai durar as impress√µes!.",17 dez. 2024,2025-06-15 04:51:28
47,5,Avalia√ß√£o 5 de 5,Depois.,29 abr. 2025,2025-06-15 04:51:30
48,5,Avalia√ß√£o 5 de 5,√ìtimo produto.,07 fev. 2025,2025-06-15 04:51:32
49,5,Avalia√ß√£o 5 de 5,"Muito bom deu tudo certo, obrigada.",31 ago. 2024,2025-06-15 04:51:34
50,5,Avalia√ß√£o 5 de 5,S√≥ achei ruim pq n√£o √© recarreg√°vel.,10 set. 2024,2025-06-15 04:51:36
51,6,Avalia√ß√£o 5 de 5,Cartucho original √© sempre a melhor op√ß√£o.,04 jun. 2024,2025-06-15 04:51:47
52,6,Avalia√ß√£o 5 de 5,Muito bom sem defeitos grato.,20 mai. 2024,2025-06-15 04:51:49
53,6,Avalia√ß√£o 5 de 5,Pouca tinta.,15 jul. 2024,2025-06-15 04:51:51
54,6,Avalia√ß√£o 4 de 5,2ml √© muito pouco ‚Ä¶ hp devia por mais tinta.,01 jun. 2025,2025-06-15 04:51:53
55,6,Avalia√ß√£o 5 de 5,Pena que s√£o apenas 2ml.,26 jul. 2024,2025-06-15 04:51:55
56,6,Avalia√ß√£o 4 de 5,"Preciso de mais tempo para avaliar o produto, principalmente no quesito durabilidade.",19 jun. 2024,2025-06-15 04:51:58
57,6,Avalia√ß√£o 5 de 5,"Muito bom, produto de √≥tima qualidade!.",04 jun. 2024,2025-06-15 04:52:00
58,6,Avalia√ß√£o 5 de 5,Produto original.,13 mai. 2025,2025-06-15 04:52:02
59,6,Avalia√ß√£o 5 de 5,"Produto bom, s√≥ acaba muito r√°pido üò≠.",14 jun. 2025,2025-06-15 04:52:04
60,6,Avalia√ß√£o 5 de 5,Vou testar e voltarei.,09 mai. 2025,2025-06-15 04:52:06
61,7,Avalia√ß√£o 5 de 5,"E um produto de qualidade,mas acho o cartucho muito caro pela quantidade de impress√£o,se eu soubesse antes teria pago mais caro em uma impressora in tank, seria mais proveitoso.",28 jul. 2024,2025-06-15 04:52:17
62,7,Avalia√ß√£o 4 de 5,"A durabilidade √© pequena, principalmente se levamos em considera√ß√£o em seu custo.",15 jul. 2024,2025-06-15 04:52:19
63,7,Avalia√ß√£o 5 de 5,"Eu estou muito satisfeito produto de √≥tima qualidade, fora o servi√ßos do mercadolivre que s√£o excelentes üëç.",18 set. 2024,2025-06-15 04:52:21
64,7,Avalia√ß√£o 5 de 5,Excelente.,18 ago. 2024,2025-06-15 04:52:23
65,7,Avalia√ß√£o 4 de 5,Bom por√©m deixa a desejar pelo tamanho se tira 20 coisa j√° acabou a tinta.,12 ago. 2024,2025-06-15 04:52:25
66,7,Avalia√ß√£o 5 de 5,"Excelente material, muito bom. Eu estava com um bom tempo sem usar essa impressora e o resultado foi esse na imagem. Vou comprar o cartucho colorido agora.",05 fev. 2025,2025-06-15 04:52:27
67,7,Avalia√ß√£o 5 de 5,,20 set. 2024,2025-06-15 04:52:29
68,7,Avalia√ß√£o 5 de 5,Funcionou direitinho e sem travamentos. Instala√ß√£o ok. Pre√ßo ok.,09 mai. 2025,2025-06-15 04:52:31
69,7,Avalia√ß√£o 5 de 5,"Produto original, excelente.",30 set. 2024,2025-06-15 04:52:33
70,7,Avalia√ß√£o 5 de 5,Show.,15 jul. 2024,2025-06-15 04:52:35
71,8,Avalia√ß√£o 5 de 5,"Os cartuchos s√£o originais, e pra quem reclama que imprimi poucas folhas √© porque n√£o conhece a impressora que tem. Os modelos de impressoras que recebem esses cartuchos, n√£o atendem a demanda de muitas impress√µes e para imprimir o m√°ximo poss√≠vel, recomendo sempre configurar para impress√£o rascunho.",26 abr. 2024,2025-06-15 04:52:46
72,8,Avalia√ß√£o 4 de 5,"Qualidade da tinta √© √≥tima, mas depois de 39 copias de alta qualidade impressora acusa baixo n√≠vel de tinta! mas isso √© uma caracter√≠stica da hp apenas 2ml de tinta!.",14 ago. 2023,2025-06-15 04:52:48
73,8,Avalia√ß√£o 5 de 5,Parece bom.,19 mai. 2023,2025-06-15 04:52:50
74,8,Avalia√ß√£o 4 de 5,Produto √© original por√©m a durabilidade √© muito pouca.,04 mai. 2024,2025-06-15 04:52:52
75,8,Avalia√ß√£o 5 de 5,"Nada a declarar, produto com qualidade do fabricante.",13 mar. 2024,2025-06-15 04:52:54
76,8,Avalia√ß√£o 4 de 5,"Extremamente caro, mas como uso pouco a impressora ent√£o vale a pena. Os cartuchos anteriores a esse duraram 14 meses fazendo poucas impress√µes.",27 fev. 2024,2025-06-15 04:52:56
77,8,Avalia√ß√£o 5 de 5,Gostei funcionou bem.,09 nov. 2023,2025-06-15 04:52:58
78,8,Avalia√ß√£o 5 de 5,Muito bom.,18 mai. 2023,2025-06-15 04:53:00
79,8,Avalia√ß√£o 5 de 5,Eu bem baladinho bem seguro eu n√£o testei ainda mas eu sei que √© bom porque eu j√° comprei.,19 jun. 2024,2025-06-15 04:53:02
80,8,Avalia√ß√£o 5 de 5,Podem comprar sem medo. Funciona perfeitamente. Novo. Lacrado. Muito bom.,11 mai. 2024,2025-06-15 04:53:05
81,9,Avalia√ß√£o 5 de 5,Produto √≥timo daniel instala√ß√£o recomendo.,13 jul. 2024,2025-06-15 04:53:15
82,9,Avalia√ß√£o 5 de 5,"O produto √© elogiado pela sua excelente qualidade e facilidade de instala√ß√£o, funcionando perfeitamente para fins dom√©sticos. Al√©m disso, o suporte p√≥svenda √© bem avaliado, tornando a experi√™ncia de compra satisfat√≥ria.",15 fev. 2025,2025-06-15 04:53:17
83,9,Avalia√ß√£o 5 de 5,Cartucho para uso corriqueiro.,15 jun. 2024,2025-06-15 04:53:20
84,9,Avalia√ß√£o 5 de 5,Muito muito obrigado excelente.,04 nov. 2024,2025-06-15 04:53:22
85,9,Avalia√ß√£o 5 de 5,Exelente produto sup indico.,12 fev. 2025,2025-06-15 04:53:24
86,9,Avalia√ß√£o 5 de 5,,01 nov. 2024,2025-06-15 04:53:26
87,9,Avalia√ß√£o 5 de 5,S√≥ veio errado pedi preto veio colorido mas na precis√£o irei ficar com esse mesmo.,12 out. 2024,2025-06-15 04:53:28
88,9,Avalia√ß√£o 5 de 5,,19 ago. 2024,2025-06-15 04:53:30
89,9,Avalia√ß√£o 5 de 5,,15 jul. 2024,2025-06-15 04:53:32
90,9,Avalia√ß√£o 5 de 5,Pouca tinta.,15 jul. 2024,2025-06-15 04:53:34
91,10,Avalia√ß√£o 5 de 5,,22 out. 2024,2025-06-15 04:53:45
92,10,Avalia√ß√£o 5 de 5,Muito bom.,09 jan. 2024,2025-06-15 04:53:47
93,10,Avalia√ß√£o 5 de 5,Perfeito üëèüèªüëèüèªüëèüèª.,29 nov. 2024,2025-06-15 04:53:49
94,10,Avalia√ß√£o 4 de 5,Bom produto.,27 nov. 2024,2025-06-15 04:53:51
95,10,Avalia√ß√£o 5 de 5,"O produto √© satisfat√≥rio , por√©m mesmo sendo xl a quantidade de tinta tendo em vista a limpeza de cabe√ßa pela impressora , se torna pouca tinta.",15 nov. 2024,2025-06-15 04:53:53
96,10,Avalia√ß√£o 5 de 5,Top.,15 nov. 2024,2025-06-15 04:53:55
97,10,Avalia√ß√£o 5 de 5,"O produto √© inquestion√°vel, por√©m seu pre√ßo √© algo surreal pela constru√ß√£o em geral de um produto t√£o simples onerando de forma grandiosa os prop√≥sitos do cliente. Valores incompat√≠veis com seu resultado final. Produto de constru√ß√£o simples com valores agregados muito grandiosos e sem uma justificativa plena que justifique t√£o alto valor.",25 ago. 2024,2025-06-15 04:53:57
98,10,Avalia√ß√£o 5 de 5,Custo desses cartuchos s√£o diferenciados.,06 abr. 2024,2025-06-15 04:53:59
99,10,Avalia√ß√£o 5 de 5,Sempre compro esse xl dura bastante.,15 jul. 2023,2025-06-15 04:54:01
100,10,Avalia√ß√£o 5 de 5,O produto atendeu minha espectativa.,23 mai. 2023,2025-06-15 04:54:04
101,11,Avalia√ß√£o 5 de 5,D√° muitas c√≥pias. Excelentes.,09 mai. 2024,2025-06-15 04:54:14
102,11,Avalia√ß√£o 5 de 5,A primeira impress√£o foi √≥tima agora vamos ver durabilidade.,05 mai. 2025,2025-06-15 04:54:16
103,11,Avalia√ß√£o 5 de 5,"Boa tinta, vale a pena pegar o cartucho xl.",06 jun. 2025,2025-06-15 04:54:18
104,11,Avalia√ß√£o 5 de 5,Produto original muito bom.,21 mai. 2025,2025-06-15 04:54:20
105,11,Avalia√ß√£o 5 de 5,Produto muito bom. Supre minhas necessidades.,07 out. 2024,2025-06-15 04:54:22
106,11,Avalia√ß√£o 4 de 5,Satisfeito.,04 set. 2024,2025-06-15 04:54:24
107,11,Avalia√ß√£o 1 de 5,"O cartucho simplesmente n√£o foi reconhecido pela impressora. üñ®Ô∏è voltei o cartucho antigo e a impressora reconheceu na hora. Prova que o cartucho que comprei por aqui, est√° com problema.",22 abr. 2025,2025-06-15 04:54:26
108,11,Avalia√ß√£o 3 de 5,N√£o cheguei a instalar o produto por que n√£o atendeu as minhas expectativas. Devolvi o produto e fui ressarcido sem problemas.,02 set. 2024,2025-06-15 04:54:28
109,12,Avalia√ß√£o 5 de 5,"Produto com certeza original , pois a impressora √© enjoada e s√≥ reconhece cartuchos originais , esse foi colocar e apareceu 100% na tela da impressora.",26 fev. 2025,2025-06-15 04:54:34
110,12,Avalia√ß√£o 5 de 5,"A qualidade √© √≥tima, o √∫nico por√©m √© que a tinta acaba muito r√°pido. Tem que ser comprado o xxl se for usar pra impress√µes/ fotoc√≥pias de grande quantidade 15 a 20 folhas.",09 dez. 2024,2025-06-15 04:54:34
111,12,Avalia√ß√£o 5 de 5,"Eu sempre indico,muito bom.",15 jun. 2023,2025-06-15 04:54:35
112,12,Avalia√ß√£o 5 de 5,Muito bom.,10 abr. 2023,2025-06-15 04:54:35
113,13,Avalia√ß√£o 5 de 5,Cartucho original √© sempre a melhor op√ß√£o.,04 jun. 2024,2025-06-15 04:54:43
114,13,Avalia√ß√£o 5 de 5,Muito bom sem defeitos grato.,20 mai. 2024,2025-06-15 04:54:45
115,13,Avalia√ß√£o 5 de 5,Pouca tinta.,15 jul. 2024,2025-06-15 04:54:47
116,13,Avalia√ß√£o 4 de 5,2ml √© muito pouco ‚Ä¶ hp devia por mais tinta.,01 jun. 2025,2025-06-15 04:54:49
117,13,Avalia√ß√£o 5 de 5,Pena que s√£o apenas 2ml.,26 jul. 2024,2025-06-15 04:54:52
118,13,Avalia√ß√£o 4 de 5,"Preciso de mais tempo para avaliar o produto, principalmente no quesito durabilidade.",19 jun. 2024,2025-06-15 04:54:54
119,13,Avalia√ß√£o 5 de 5,"Muito bom, produto de √≥tima qualidade!.",04 jun. 2024,2025-06-15 04:54:56
120,13,Avalia√ß√£o 5 de 5,Produto original.,13 mai. 2025,2025-06-15 04:54:58
121,13,Avalia√ß√£o 5 de 5,"Produto bom, s√≥ acaba muito r√°pido üò≠.",14 jun. 2025,2025-06-15 04:55:00
122,13,Avalia√ß√£o 5 de 5,Vou testar e voltarei.,09 mai. 2025,2025-06-15 04:55:02
123,14,Avalia√ß√£o 4 de 5,"Primeira vez q uso. Fiz o teste, boa. Mais na impressora n√£o mostra ela cheia. Consta que est√° vazio o cartucho.",11 jan. 2025,2025-06-15 04:55:12
124,14,Avalia√ß√£o 5 de 5,"N√£o foi barato, mas √© o custo de um cartucho hp.",15 jan. 2025,2025-06-15 04:55:15
125,14,Avalia√ß√£o 5 de 5,,25 abr. 2025,2025-06-15 04:55:17
126,14,Avalia√ß√£o 5 de 5,Excelente produto !.,19 jan. 2025,2025-06-15 04:55:19
127,14,Avalia√ß√£o 5 de 5,Cartuchos excelentes.,14 jun. 2025,2025-06-15 04:55:21
128,14,Avalia√ß√£o 5 de 5,"Fiquei satisfeito, produto de qualidade.",20 mai. 2025,2025-06-15 04:55:23
129,14,Avalia√ß√£o 5 de 5,Produto n√£o durou nem 3 dias de uso.,18 mai. 2025,2025-06-15 04:55:25
130,14,Avalia√ß√£o 5 de 5,√ìtimo produto eu recomendo a todos do ml.,14 mai. 2025,2025-06-15 04:55:27
131,14,Avalia√ß√£o 5 de 5,Bom.,11 mai. 2025,2025-06-15 04:55:29
132,14,Avalia√ß√£o 5 de 5,Bom.,09 mai. 2025,2025-06-15 04:55:31
133,15,Avalia√ß√£o 5 de 5,Eu gosto desses cartuchos.,11 jun. 2025,2025-06-15 04:55:37
134,15,Avalia√ß√£o 5 de 5,"Conforme especificado, de boa qualidade. Recomendamos.",10 jun. 2025,2025-06-15 04:55:37
135,15,Avalia√ß√£o 5 de 5,Funcionamento perfeito!.,01 jun. 2025,2025-06-15 04:55:38
136,16,Avalia√ß√£o 5 de 5,Produto √≥timo recomendo.,16 mar. 2025,2025-06-15 04:55:46
137,16,Avalia√ß√£o 5 de 5,"Produto muito bom, original.",09 jun. 2025,2025-06-15 04:55:48
138,16,Avalia√ß√£o 5 de 5,Maravilha.,06 mai. 2025,2025-06-15 04:55:50
139,16,Avalia√ß√£o 5 de 5,Muito bom atende as expectativas.,19 abr. 2025,2025-06-15 04:55:52
140,16,Avalia√ß√£o 4 de 5,"Produto de otima qualidade. Cartucho com pouca tintas. A sim mesmo, vale a compra.",10 abr. 2025,2025-06-15 04:55:55
141,16,Avalia√ß√£o 5 de 5,Produto de boa qualidade!!!.,09 abr. 2025,2025-06-15 04:55:57
142,16,Avalia√ß√£o 5 de 5,√ìtimo produto.,09 abr. 2025,2025-06-15 04:55:59
143,16,Avalia√ß√£o 5 de 5,Muito bom serviu perfeitamente.,02 abr. 2025,2025-06-15 04:56:01
144,16,Avalia√ß√£o 5 de 5,Ele √© bom por√©m como eu precisava imprimir cosias de estudo durou uma semana s√≥ mas ele aceitou recarga de boa valeu super a pena.,28 mar. 2025,2025-06-15 04:56:03
145,16,Avalia√ß√£o 5 de 5,E bom.,26 mar. 2025,2025-06-15 04:56:05
146,17,Avalia√ß√£o 5 de 5,Bom üëç.,01 jun. 2025,2025-06-15 04:56:15
147,17,Avalia√ß√£o 5 de 5,Otimo.,04 abr. 2025,2025-06-15 04:56:18
148,17,Avalia√ß√£o 5 de 5,Otimo.,18 mar. 2025,2025-06-15 04:56:20
149,17,Avalia√ß√£o 5 de 5,Tudo certo.,04 fev. 2025,2025-06-15 04:56:22
150,17,Avalia√ß√£o 4 de 5,Boa tinta.,19 set. 2024,2025-06-15 04:56:24
151,17,Avalia√ß√£o 5 de 5,"Sempre utilizei esse cartucho tinta tricolor 667 hp, pois √© muito dur√°vel. Nota 100 para hp.",07 set. 2024,2025-06-15 04:56:26
152,17,Avalia√ß√£o 5 de 5,√ìtimo.,03 set. 2024,2025-06-15 04:56:28
153,17,Avalia√ß√£o 5 de 5,Produto de √≥tima qualidade. Recomendo.,23 ago. 2024,2025-06-15 04:56:30
154,17,Avalia√ß√£o 4 de 5,Sim s√≥ tem um ponto negativo que seria o valor de um simples cartucho.,01 ago. 2024,2025-06-15 04:56:32
155,17,Avalia√ß√£o 5 de 5,Muito rapido.,30 jul. 2024,2025-06-15 04:56:34
156,18,Avalia√ß√£o 5 de 5,Cartucho original √© sempre a melhor op√ß√£o.,04 jun. 2024,2025-06-15 04:56:45
157,18,Avalia√ß√£o 5 de 5,Muito bom sem defeitos grato.,20 mai. 2024,2025-06-15 04:56:47
158,18,Avalia√ß√£o 5 de 5,Pouca tinta.,15 jul. 2024,2025-06-15 04:56:49
159,18,Avalia√ß√£o 4 de 5,2ml √© muito pouco ‚Ä¶ hp devia por mais tinta.,01 jun. 2025,2025-06-15 04:56:51
160,18,Avalia√ß√£o 5 de 5,Pena que s√£o apenas 2ml.,26 jul. 2024,2025-06-15 04:56:53
161,18,Avalia√ß√£o 4 de 5,"Preciso de mais tempo para avaliar o produto, principalmente no quesito durabilidade.",19 jun. 2024,2025-06-15 04:56:55
162,18,Avalia√ß√£o 5 de 5,"Muito bom, produto de √≥tima qualidade!.",04 jun. 2024,2025-06-15 04:56:57
163,18,Avalia√ß√£o 5 de 5,Produto original.,13 mai. 2025,2025-06-15 04:56:59
164,18,Avalia√ß√£o 5 de 5,"Produto bom, s√≥ acaba muito r√°pido üò≠.",14 jun. 2025,2025-06-15 04:57:01
165,18,Avalia√ß√£o 5 de 5,Vou testar e voltarei.,09 mai. 2025,2025-06-15 04:57:04
166,19,Avalia√ß√£o 5 de 5,J√° perdi as contas de quantas vezes j√° comprei e nunca me apresentou problemas.,29 dez. 2023,2025-06-15 04:57:14
167,19,Avalia√ß√£o 5 de 5,√ìtimo.,30 jul. 2024,2025-06-15 04:57:16
168,19,Avalia√ß√£o 4 de 5,Na compra foi o de 4ml veio de 2ml e ao emprimir 10 p√°ginas comuns em preto e branco o cartucho zerou.,15 jun. 2023,2025-06-15 04:57:18
169,19,Avalia√ß√£o 5 de 5,Eu acredito que podia ser mais barato pois s√≥ d√° umas 180 impress√µes.,19 set. 2024,2025-06-15 04:57:20
170,19,Avalia√ß√£o 5 de 5,"Serve para oque foi feito, n√£o h√° muito oque elogiar em tinta para impressora. Recomendo a compra pois esse kit dura mais tempo a tinta.",23 nov. 2022,2025-06-15 04:57:22
171,19,Avalia√ß√£o 5 de 5,"De qualidade ,j√° estou usando n√£o tenho o que reclamar,gostei.",21 mai. 2022,2025-06-15 04:57:24
172,19,Avalia√ß√£o 5 de 5,,07 fev. 2025,2025-06-15 04:57:27
173,19,Avalia√ß√£o 5 de 5,Muito bom obrigado.,21 jan. 2025,2025-06-15 04:57:29
174,19,Avalia√ß√£o 5 de 5,√ìtimo estou muito feliz com o produto em si atendeu minhas expectativas!.,01 out. 2024,2025-06-15 04:57:31
175,19,Avalia√ß√£o 5 de 5,,25 jul. 2024,2025-06-15 04:57:33
176,20,Avalia√ß√£o 5 de 5,Eu gosto desses cartuchos.,11 jun. 2025,2025-06-15 04:57:39
177,20,Avalia√ß√£o 5 de 5,"Conforme especificado, de boa qualidade. Recomendamos.",10 jun. 2025,2025-06-15 04:57:39
178,20,Avalia√ß√£o 5 de 5,Funcionamento perfeito!.,01 jun. 2025,2025-06-15 04:57:39
179,21,Avalia√ß√£o 5 de 5,Durabilidade menor do esperado.,12 out. 2023,2025-06-15 04:57:48
180,21,Avalia√ß√£o 5 de 5,Top.,07 out. 2024,2025-06-15 04:57:50
181,21,Avalia√ß√£o 5 de 5,Produto excelente recomendo.,21 dez. 2024,2025-06-15 04:57:52
182,21,Avalia√ß√£o 5 de 5,"O produto funcionou certinho. Por enquanto tudo certo. Nao sei a durabilidade ainda, pois usei poucas vezes.",31 jan. 2024,2025-06-15 04:57:54
183,21,Avalia√ß√£o 5 de 5,Muito caro.,20 jan. 2024,2025-06-15 04:57:57
184,21,Avalia√ß√£o 4 de 5,Produto com √≥timo custo benef√≠cio e f√°cil instala√ß√£o.,28 jan. 2024,2025-06-15 04:57:59
185,21,Avalia√ß√£o 5 de 5,O produto √© original reconheceu na hora na minha impressora.,11 mai. 2024,2025-06-15 04:58:01
186,21,Avalia√ß√£o 5 de 5,Produto bom a impressora aceitou de primeira. N√£o sei a durabilidade das tintas. Mas parece ser de √≥tima qualidade.,21 mar. 2025,2025-06-15 04:58:03
187,21,Avalia√ß√£o 5 de 5,Top o produto.,23 fev. 2025,2025-06-15 04:58:05
188,21,Avalia√ß√£o 5 de 5,,18 jan. 2025,2025-06-15 04:58:07
189,22,Avalia√ß√£o 4 de 5,"Persiste o problema de impress√£o, uma linha perfeita outra falhada, como j√° abri os dois cartuchos que comprei, n√£o posso devolver, afinal tentei corrigir achando que fosse falha de um cartucho mas √© os 2. Comprei um no mercado local, caro pra burro mas que funciona.",15 jan. 2025,2025-06-15 04:58:17
190,22,Avalia√ß√£o 5 de 5,Muito bom a quantidade √© como disseram e gostei muito do produto show.,11 nov. 2024,2025-06-15 04:58:19
191,22,Avalia√ß√£o 5 de 5,Excelente. Pode comprar sem medo.,04 jan. 2025,2025-06-15 04:58:22
192,22,Avalia√ß√£o 5 de 5,Impress√£o boa.,26 dez. 2024,2025-06-15 04:58:24
193,22,Avalia√ß√£o 5 de 5,,27 mai. 2025,2025-06-15 04:58:26
194,22,Avalia√ß√£o 5 de 5,"√ìtima qualidade. Ainda n√£o instalei mas sei que √© confi√°vel pelo qr code, a pr√≥pria hp confirmou. Espero que renda bastante.",21 fev. 2025,2025-06-15 04:58:28
195,22,Avalia√ß√£o 5 de 5,Muito bom.,13 jun. 2025,2025-06-15 04:58:30
196,22,Avalia√ß√£o 5 de 5,Produto original.,05 jun. 2025,2025-06-15 04:58:32
197,22,Avalia√ß√£o 4 de 5,S√≥ n√£o gostei do pre√ßo.,05 jun. 2025,2025-06-15 04:58:34
198,22,Avalia√ß√£o 4 de 5,Muito bom.,02 jun. 2025,2025-06-15 04:58:36
199,23,Avalia√ß√£o 5 de 5,,10 fev. 2025,2025-06-15 04:58:46
200,23,Avalia√ß√£o 5 de 5,,25 set. 2024,2025-06-15 04:58:49
201,23,Avalia√ß√£o 4 de 5,Ok obrigado trabalhar imprimir minha filha.,09 jun. 2025,2025-06-15 04:58:51
202,23,Avalia√ß√£o 5 de 5,"Produto original, sem defeito.",03 jun. 2025,2025-06-15 04:58:53
203,23,Avalia√ß√£o 4 de 5,"Um dos cartuchos n√£o foi aceito pela impressora, que indica que n√£o tem tinta no cartucho colorido.",01 jun. 2025,2025-06-15 04:58:55
204,23,Avalia√ß√£o 5 de 5,"Trata-se de √≥timo produto, super recomendo.",17 mai. 2025,2025-06-15 04:58:57
205,23,Avalia√ß√£o 5 de 5,√ìtimo.,04 mai. 2025,2025-06-15 04:58:59
206,23,Avalia√ß√£o 5 de 5,Funcionou perfeitamente na minha impressora que estava parada a um temp√£o.,02 mai. 2025,2025-06-15 04:59:01
207,23,Avalia√ß√£o 5 de 5,Produto original muito bom e confiavel.,29 abr. 2025,2025-06-15 04:59:03
208,23,Avalia√ß√£o 5 de 5,Muito bom.,23 abr. 2025,2025-06-15 04:59:05
209,24,Avalia√ß√£o 5 de 5,J√° perdi as contas de quantas vezes j√° comprei e nunca me apresentou problemas.,29 dez. 2023,2025-06-15 04:59:16
210,24,Avalia√ß√£o 5 de 5,√ìtimo.,30 jul. 2024,2025-06-15 04:59:18
211,24,Avalia√ß√£o 4 de 5,Na compra foi o de 4ml veio de 2ml e ao emprimir 10 p√°ginas comuns em preto e branco o cartucho zerou.,15 jun. 2023,2025-06-15 04:59:20
212,24,Avalia√ß√£o 5 de 5,Eu acredito que podia ser mais barato pois s√≥ d√° umas 180 impress√µes.,19 set. 2024,2025-06-15 04:59:22
213,24,Avalia√ß√£o 5 de 5,"Serve para oque foi feito, n√£o h√° muito oque elogiar em tinta para impressora. Recomendo a compra pois esse kit dura mais tempo a tinta.",23 nov. 2022,2025-06-15 04:59:24
214,24,Avalia√ß√£o 5 de 5,"De qualidade ,j√° estou usando n√£o tenho o que reclamar,gostei.",21 mai. 2022,2025-06-15 04:59:26
215,24,Avalia√ß√£o 5 de 5,,07 fev. 2025,2025-06-15 04:59:28
216,24,Avalia√ß√£o 5 de 5,Muito bom obrigado.,21 jan. 2025,2025-06-15 04:59:30
217,24,Avalia√ß√£o 5 de 5,√ìtimo estou muito feliz com o produto em si atendeu minhas expectativas!.,01 out. 2024,2025-06-15 04:59:32
218,24,Avalia√ß√£o 5 de 5,,25 jul. 2024,2025-06-15 04:59:34
219,25,Avalia√ß√£o 5 de 5,Produto bom.,31 mai. 2025,2025-06-15 04:59:40
220,25,Avalia√ß√£o 5 de 5,Excelente essa n√£o √© a primeira compra.,11 jul. 2024,2025-06-15 04:59:40
221,25,Avalia√ß√£o 3 de 5,Recomendo aos amigos.,04 mai. 2025,2025-06-15 04:59:40
222,25,Avalia√ß√£o 3 de 5,Poderia ser mais barato o cartucho e acho que vem pouca tinta.,02 abr. 2025,2025-06-15 04:59:41
223,26,Avalia√ß√£o 5 de 5,Muito bom.,14 jul. 2023,2025-06-15 04:59:49
224,26,Avalia√ß√£o 5 de 5,"Funciona bem, dura pouco pela marca, esperava mas efic√°cia. N√£o contra.",06 jun. 2024,2025-06-15 04:59:51
225,26,Avalia√ß√£o 5 de 5,√ìtimo produto.,04 ago. 2023,2025-06-15 04:59:53
226,26,Avalia√ß√£o 5 de 5,Muito bom vou comprar mais depois.,13 jun. 2025,2025-06-15 04:59:55
227,26,Avalia√ß√£o 5 de 5,"Muito bom, pena que vem pouca tinta, por ser original, mas isso √© da hp, as condi√ß√µes da loja s√£o as melhores.",13 jun. 2025,2025-06-15 04:59:57
228,26,Avalia√ß√£o 5 de 5,Bom.,31 mai. 2025,2025-06-15 04:59:59
229,26,Avalia√ß√£o 5 de 5,"√â compat√≠vel com o modelo da impressora, excelente, durabilidade, recomendo.",10 mai. 2025,2025-06-15 05:00:01
230,26,Avalia√ß√£o 5 de 5,Boa qualidade.,02 mai. 2025,2025-06-15 05:00:03
231,26,Avalia√ß√£o 5 de 5,"Ainda n√£o abri, me basiei, na compra anterior excelente.",26 fev. 2025,2025-06-15 05:00:06
232,26,Avalia√ß√£o 5 de 5,Ok. S√≥ pensei que seria de 5 ml e n√£o 2 ml como veio. Obrigado.,16 jan. 2025,2025-06-15 05:00:08
233,27,Avalia√ß√£o 5 de 5,J√° comprei outras vezes e top.,07 mar. 2025,2025-06-15 05:00:18
234,27,Avalia√ß√£o 4 de 5,Produto √≥timo funciona perfeitamente s√≥ o pre√ßo que √© um pouco alto pra o tempo de uso.,25 fev. 2025,2025-06-15 05:00:20
235,27,Avalia√ß√£o 5 de 5,N√£o testei ainda.,25 mai. 2025,2025-06-15 05:00:22
236,27,Avalia√ß√£o 5 de 5,,29 abr. 2025,2025-06-15 05:00:24
237,27,Avalia√ß√£o 5 de 5,"Perfeito, funcionou perfeitamente!.",12 jan. 2025,2025-06-15 05:00:26
238,27,Avalia√ß√£o 5 de 5,Muito bom recomendo comprar.,24 mai. 2025,2025-06-15 05:00:28
239,27,Avalia√ß√£o 5 de 5,"Bom, recomendo s√£o originais mesmo que fazia tempos q n√£o conseguia encontrar!.",08 mai. 2025,2025-06-15 05:00:30
240,27,Avalia√ß√£o 4 de 5,"O pre√ßo,permite a compra de recarregar. Sai mais barato.",01 mar. 2025,2025-06-15 05:00:32
241,27,Avalia√ß√£o 5 de 5,Sempre eu compro e excelente.,26 fev. 2025,2025-06-15 05:00:34
242,27,Avalia√ß√£o 5 de 5,Bom.,02 fev. 2025,2025-06-15 05:00:37
243,28,Avalia√ß√£o 5 de 5,Otima e rapida.,16 mar. 2025,2025-06-15 05:00:47
244,28,Avalia√ß√£o 5 de 5,Bom.,16 dez. 2024,2025-06-15 05:00:49
245,28,Avalia√ß√£o 5 de 5,"√ìtimo produto, supriu como esperado as minhas necessidades! podem comprar sem medo.",12 jun. 2025,2025-06-15 05:00:51
246,28,Avalia√ß√£o 5 de 5,Produto muito bom recomendo.,06 jun. 2025,2025-06-15 05:00:53
247,28,Avalia√ß√£o 5 de 5,"J√° conhe√ßo o produto, √© muito bom e o pre√ßo estava √≥timo.",05 jun. 2025,2025-06-15 05:00:55
248,28,Avalia√ß√£o 4 de 5,Produto de qualidade.,25 abr. 2025,2025-06-15 05:00:57
249,28,Avalia√ß√£o 5 de 5,Po√ßa tinta.,16 mar. 2025,2025-06-15 05:00:59
250,28,Avalia√ß√£o 5 de 5,√ìtimo.,04 fev. 2025,2025-06-15 05:01:01
251,28,Avalia√ß√£o 5 de 5,J√° compro a 3 anos. Otimo.,27 jan. 2025,2025-06-15 05:01:04
252,28,Avalia√ß√£o 5 de 5,Recomendo.,27 jan. 2025,2025-06-15 05:01:06
253,29,Avalia√ß√£o 5 de 5,Cartuchos de excelente qualidade.,20 jul. 2024,2025-06-15 05:01:16
254,29,Avalia√ß√£o 4 de 5,"N√£o consegui imprimir o que precisava. O cartucho preto n√£o est√° funcionando. Retirei os lacres, como de costume, para encaixar na impressora. N√£o funcionou. Recoloquei ambos os cartuchos mas n√£o consegui resolver o problema. A luz de indica√ß√£o do cartucho preto pisca intermitentemente. Enfim, dois cartuchos novos e a impossibilidade de utilizar minha impressora. Gostaria de saber de existe a possibilidade de uma troca. Aguardo retorno e agrade√ßo antecipadamente.",25 mar. 2025,2025-06-15 05:01:18
255,29,Avalia√ß√£o 5 de 5,O produto √© bom mas n√£o foi compat√≠vel com a minha impressora.,21 ago. 2024,2025-06-15 05:01:20
256,29,Avalia√ß√£o 5 de 5,Produto original.,18 ago. 2024,2025-06-15 05:01:23
257,29,Avalia√ß√£o 5 de 5,Durou menos do que eu esperava mas funciona pra o que eu preciso üòÉ.,06 abr. 2025,2025-06-15 05:01:25
258,29,Avalia√ß√£o 5 de 5,√ìtimo!.,20 ago. 2024,2025-06-15 05:01:27
259,29,Avalia√ß√£o 5 de 5,"Por enquanto satisfeita com os cartuchos, minha impressora aceitou na hora e apareceu cheio, espero que dure bem, acredito que o pre√ßo √© um pouco salgado, poderia ser mais em conta, mas se for oferecer servi√ßo de qualidade vale a pena.",08 jul. 2024,2025-06-15 05:01:29
260,29,Avalia√ß√£o 5 de 5,"Os cartuchos de tinta originais s√£o excelentes, mas, n√£o descobri o motivo pelo qual os cartuchos de tinta originais para impressora s√£o t√£o caros. O valor de dois cartuchos compram uma impressora nova.",21 abr. 2025,2025-06-15 05:01:31
261,29,Avalia√ß√£o 4 de 5,S√≥ funcionou o preto.,21 jul. 2024,2025-06-15 05:01:33
262,29,Avalia√ß√£o 5 de 5,Tem muito rendimento.,03 jul. 2024,2025-06-15 05:01:35
263,30,Avalia√ß√£o 5 de 5,Tudo certo com os meus cartuchos original perfeito adorei e amei‚ù§Ô∏è‚ù§Ô∏èüôèüëèüèøüëèüèø.,02 dez. 2024,2025-06-15 05:01:45
264,30,Avalia√ß√£o 5 de 5,,13 jun. 2025,2025-06-15 05:01:47
265,30,Avalia√ß√£o 5 de 5,"√ìtimos cartuchos, a qualidade da impress√£o √© excelente.",20 mai. 2025,2025-06-15 05:01:50
266,30,Avalia√ß√£o 5 de 5,Excelente.,04 mai. 2025,2025-06-15 05:01:52
267,30,Avalia√ß√£o 5 de 5,Dentro do padr√£o.,03 mai. 2025,2025-06-15 05:01:54
268,30,Avalia√ß√£o 5 de 5,Gostei.,10 abr. 2025,2025-06-15 05:01:56
269,30,Avalia√ß√£o 5 de 5,Execelente.,09 abr. 2025,2025-06-15 05:01:58
270,30,Avalia√ß√£o 5 de 5,Super recomendo. Coloquei e logo funcionou super original. Hp nem. Rwclamou.,25 mar. 2025,2025-06-15 05:02:00
271,30,Avalia√ß√£o 5 de 5,Funciona como esperado.,21 mar. 2025,2025-06-15 05:02:02
272,30,Avalia√ß√£o 5 de 5,Muito boa.,15 mar. 2025,2025-06-15 05:02:04
273,31,Avalia√ß√£o 5 de 5,Produto √≥timo recomendo.,16 mar. 2025,2025-06-15 05:02:15
274,31,Avalia√ß√£o 5 de 5,"Produto muito bom, original.",09 jun. 2025,2025-06-15 05:02:17
275,31,Avalia√ß√£o 5 de 5,Maravilha.,06 mai. 2025,2025-06-15 05:02:19
276,31,Avalia√ß√£o 5 de 5,Muito bom atende as expectativas.,19 abr. 2025,2025-06-15 05:02:21
277,31,Avalia√ß√£o 4 de 5,"Produto de otima qualidade. Cartucho com pouca tintas. A sim mesmo, vale a compra.",10 abr. 2025,2025-06-15 05:02:23
278,31,Avalia√ß√£o 5 de 5,Produto de boa qualidade!!!.,09 abr. 2025,2025-06-15 05:02:25
279,31,Avalia√ß√£o 5 de 5,√ìtimo produto.,09 abr. 2025,2025-06-15 05:02:27
280,31,Avalia√ß√£o 5 de 5,Muito bom serviu perfeitamente.,02 abr. 2025,2025-06-15 05:02:29
281,31,Avalia√ß√£o 5 de 5,Ele √© bom por√©m como eu precisava imprimir cosias de estudo durou uma semana s√≥ mas ele aceitou recarga de boa valeu super a pena.,28 mar. 2025,2025-06-15 05:02:31
282,31,Avalia√ß√£o 5 de 5,E bom.,26 mar. 2025,2025-06-15 05:02:34
283,32,Avalia√ß√£o 5 de 5,De excelente qualidade.,19 mai. 2024,2025-06-15 05:02:40
284,33,Avalia√ß√£o 4 de 5,"Fiquei satisfeito com o cartucho preto, pois conectou perfeitamente. J√° o colorido ela n√£o reconheceu, acho que pq veio diferente do preto. Tipo veio com a numera√ß√£o do modelo diferente um do outro, acho q por isso ela n√£o aceitou.",23 mai. 2023,2025-06-15 05:02:48
285,33,Avalia√ß√£o 5 de 5,Meus parab√©ns produtos √≥timo top demais mais.,11 mai. 2023,2025-06-15 05:02:50
286,33,Avalia√ß√£o 5 de 5,"Mandei encher os cartuchos velhos mas a qualidade muito inferior al√©m do preto sair falhado, os novos s√£o excelentes a impressora reconheceu na hr j√° imprimiu a folha de teste, recomendo.",02 set. 2024,2025-06-15 05:02:52
287,33,Avalia√ß√£o 5 de 5,,06 jun. 2025,2025-06-15 05:02:54
288,33,Avalia√ß√£o 5 de 5,Gosteiii comprarei novamente.,18 mar. 2025,2025-06-15 05:02:56
289,33,Avalia√ß√£o 5 de 5,"Produto muito bom, excelente impress√£o.",08 jun. 2025,2025-06-15 05:02:58
290,33,Avalia√ß√£o 5 de 5,√ìtimo produto.,25 mai. 2025,2025-06-15 05:03:01
291,33,Avalia√ß√£o 4 de 5,Bom.,20 mai. 2025,2025-06-15 05:03:03
292,33,Avalia√ß√£o 5 de 5,Muito bom. Excelente custo beneficio.,19 mai. 2025,2025-06-15 05:03:05
293,33,Avalia√ß√£o 5 de 5,√ìtimo.,04 mai. 2025,2025-06-15 05:03:07
294,34,Avalia√ß√£o 5 de 5,Produto original muito bom.,08 mai. 2025,2025-06-15 05:03:13
295,34,Avalia√ß√£o 5 de 5,Bom produto original.,08 abr. 2025,2025-06-15 05:03:13
296,34,Avalia√ß√£o 5 de 5,Bom.,25 mai. 2024,2025-06-15 05:03:13
297,34,Avalia√ß√£o 1 de 5,O cartucho feio seco sem tinta abri para ver estava seco n√£o comprem n√£o recomendo.,26 mar. 2025,2025-06-15 05:03:13
298,35,Avalia√ß√£o 4 de 5,O produto reconheceu na minha impressora por√©m a tinta sai no papel manchado n√£o sei se √© problema com a tinta ou o papel.,22 nov. 2024,2025-06-15 05:03:22
299,35,Avalia√ß√£o 5 de 5,Muito bom.,27 mai. 2025,2025-06-15 05:03:24
300,35,Avalia√ß√£o 5 de 5,Excelente.,29 mar. 2025,2025-06-15 05:03:26
301,35,Avalia√ß√£o 5 de 5,Bom produto.,14 mar. 2025,2025-06-15 05:03:28
302,35,Avalia√ß√£o 5 de 5,Muito bom.,18 ago. 2024,2025-06-15 05:03:30
303,35,Avalia√ß√£o 5 de 5,O produto tem boa qualidade.,01 jul. 2024,2025-06-15 05:03:32
304,35,Avalia√ß√£o 5 de 5,Muito bom.,02 jun. 2024,2025-06-15 05:03:34
305,35,Avalia√ß√£o 4 de 5,Show.,30 abr. 2024,2025-06-15 05:03:36
306,35,Avalia√ß√£o 5 de 5,Minha primeira compra. Gostei por demais.,28 mar. 2024,2025-06-15 05:03:39
307,36,Avalia√ß√£o 5 de 5,Show.,17 nov. 2024,2025-06-15 05:03:49
308,36,Avalia√ß√£o 5 de 5,"A ser testado, aparentemente √© original.",04 nov. 2024,2025-06-15 05:03:51
309,36,Avalia√ß√£o 5 de 5,Excelente custo benef√≠cio.,23 dez. 2024,2025-06-15 05:03:53
310,36,Avalia√ß√£o 5 de 5,Produto de bia qualidade.,14 jun. 2025,2025-06-15 05:03:55
311,36,Avalia√ß√£o 5 de 5,Bom produto e original.,07 jun. 2025,2025-06-15 05:03:57
312,36,Avalia√ß√£o 5 de 5,Muito bom.,03 jun. 2025,2025-06-15 05:03:59
313,36,Avalia√ß√£o 5 de 5,Topzera.,02 jun. 2025,2025-06-15 05:04:01
314,36,Avalia√ß√£o 5 de 5,Produto original hp sempre √© recomend√°vel.,31 mai. 2025,2025-06-15 05:04:03
315,36,Avalia√ß√£o 5 de 5,Ainda estou utilizando. N√£o apresentou problemas. N√£o tenho como avaliar melhor.,19 abr. 2025,2025-06-15 05:04:06
316,36,Avalia√ß√£o 4 de 5,Atende.,07 abr. 2025,2025-06-15 05:04:08
317,37,Avalia√ß√£o 5 de 5,Veio tudo certo cartucho pegou bem na impressora.,05 fev. 2025,2025-06-15 05:04:14
318,37,Avalia√ß√£o 5 de 5,Muito bom produto!.,04 abr. 2025,2025-06-15 05:04:14
319,37,Avalia√ß√£o 4 de 5,Normal.,14 mar. 2025,2025-06-15 05:04:14
320,37,Avalia√ß√£o 5 de 5,Excelente!.,11 dez. 2024,2025-06-15 05:04:14
321,38,Avalia√ß√£o 4 de 5,"As tintas duram pouco, mas acredito que seja um problema da hp e n√£o s√≥ do produto em si.",13 jun. 2025,2025-06-15 05:04:22
322,38,Avalia√ß√£o 5 de 5,"Muito bom,vou voltar a comprar de novo.",29 mai. 2025,2025-06-15 05:04:25
323,38,Avalia√ß√£o 5 de 5,J√° sou cliente faz tempo.,28 mai. 2025,2025-06-15 05:04:27
324,38,Avalia√ß√£o 5 de 5,Excelente!.,16 mai. 2025,2025-06-15 05:04:29
325,38,Avalia√ß√£o 5 de 5,Excelente produto.,28 abr. 2025,2025-06-15 05:04:31
326,38,Avalia√ß√£o 5 de 5,Funcionando bem.,25 abr. 2025,2025-06-15 05:04:33
327,38,Avalia√ß√£o 5 de 5,"Comprei para guardar, mas verifiquei que todos s√£o genu√≠nos. Estou avaliando baseado nos cartuchos serem originais. Pois ainda n√£o utilizei nenhum deles.",21 abr. 2025,2025-06-15 05:04:35
328,38,Avalia√ß√£o 5 de 5,Bom material.,14 mar. 2025,2025-06-15 05:04:37
329,38,Avalia√ß√£o 5 de 5,Excelente.,16 dez. 2024,2025-06-15 05:04:39
330,38,Avalia√ß√£o 5 de 5,Bom.,19 nov. 2024,2025-06-15 05:04:41
331,39,Avalia√ß√£o 5 de 5,Original.,21 mai. 2025,2025-06-15 05:04:47
332,39,Avalia√ß√£o 4 de 5,Bom.,19 mai. 2025,2025-06-15 05:04:47
333,39,Avalia√ß√£o 5 de 5,Custo x benef√≠cio: cinco estrelas.,17 out. 2024,2025-06-15 05:04:48
334,39,Avalia√ß√£o 5 de 5,Produto original hp com cupom promocional do mercado livre. Recomendo.,14 set. 2024,2025-06-15 05:04:48
335,39,Avalia√ß√£o 1 de 5,"Pela 3a vez vem um cartucho seco ou com durabilidade minima. Apesar de aparecer na impressora como cheio, acaba em poucas folhas.",17 nov. 2024,2025-06-15 05:04:48
336,40,Avalia√ß√£o 4 de 5,"Persiste o problema de impress√£o, uma linha perfeita outra falhada, como j√° abri os dois cartuchos que comprei, n√£o posso devolver, afinal tentei corrigir achando que fosse falha de um cartucho mas √© os 2. Comprei um no mercado local, caro pra burro mas que funciona.",15 jan. 2025,2025-06-15 05:04:56
337,40,Avalia√ß√£o 5 de 5,Muito bom a quantidade √© como disseram e gostei muito do produto show.,11 nov. 2024,2025-06-15 05:04:58
338,40,Avalia√ß√£o 5 de 5,Excelente. Pode comprar sem medo.,04 jan. 2025,2025-06-15 05:05:00
339,40,Avalia√ß√£o 5 de 5,Impress√£o boa.,26 dez. 2024,2025-06-15 05:05:02
340,40,Avalia√ß√£o 5 de 5,,27 mai. 2025,2025-06-15 05:05:04
341,40,Avalia√ß√£o 5 de 5,"√ìtima qualidade. Ainda n√£o instalei mas sei que √© confi√°vel pelo qr code, a pr√≥pria hp confirmou. Espero que renda bastante.",21 fev. 2025,2025-06-15 05:05:07
342,40,Avalia√ß√£o 5 de 5,Muito bom.,13 jun. 2025,2025-06-15 05:05:09
343,40,Avalia√ß√£o 5 de 5,Produto original.,05 jun. 2025,2025-06-15 05:05:11
344,40,Avalia√ß√£o 4 de 5,S√≥ n√£o gostei do pre√ßo.,05 jun. 2025,2025-06-15 05:05:13
345,40,Avalia√ß√£o 4 de 5,Muito bom.,02 jun. 2025,2025-06-15 05:05:15
346,41,Avalia√ß√£o 5 de 5,"Produto com certeza original , pois a impressora √© enjoada e s√≥ reconhece cartuchos originais , esse foi colocar e apareceu 100% na tela da impressora.",26 fev. 2025,2025-06-15 05:05:21
347,41,Avalia√ß√£o 5 de 5,"A qualidade √© √≥tima, o √∫nico por√©m √© que a tinta acaba muito r√°pido. Tem que ser comprado o xxl se for usar pra impress√µes/ fotoc√≥pias de grande quantidade 15 a 20 folhas.",09 dez. 2024,2025-06-15 05:05:21
348,41,Avalia√ß√£o 5 de 5,"Eu sempre indico,muito bom.",15 jun. 2023,2025-06-15 05:05:21
349,41,Avalia√ß√£o 5 de 5,Muito bom.,10 abr. 2023,2025-06-15 05:05:21
350,42,Avalia√ß√£o 5 de 5,S√≥ n√£o imprime a quantidade descrita.,02 ago. 2024,2025-06-15 05:05:30
351,42,Avalia√ß√£o 5 de 5,"Perfeito, √≥timo pre√ßo.",14 jun. 2024,2025-06-15 05:05:32
352,42,Avalia√ß√£o 5 de 5,Estes cartuchos estavam em condi√ß√µes. Porem na minha compra anterior quando foram instalados a tinta estava seca e n√£o funcionaram.,22 nov. 2024,2025-06-15 05:05:34
353,42,Avalia√ß√£o 5 de 5,A tinta √© muito cara. A reposi√ß√£o vale quase uma impressora nova.,03 out. 2024,2025-06-15 05:05:36
354,42,Avalia√ß√£o 4 de 5,"O cartucho colorido veio com problema na cor vermelha, n√£o consigo limpar.",01 set. 2024,2025-06-15 05:05:38
355,42,Avalia√ß√£o 5 de 5,"Muito bom, correspondeu com minhas expectativas, recomendo!!!.",31 jul. 2024,2025-06-15 05:05:40
356,42,Avalia√ß√£o 5 de 5,"Cartucho √≥timo, boa qualidade super indico!.",08 jun. 2024,2025-06-15 05:05:42
357,42,Avalia√ß√£o 5 de 5,"Fiz duas impress√µes e o cartucho preto acabou, com duas folhas,anormal.",17 fev. 2025,2025-06-15 05:05:44
358,42,Avalia√ß√£o 5 de 5,,14 nov. 2024,2025-06-15 05:05:47
359,42,Avalia√ß√£o 5 de 5,,25 jul. 2024,2025-06-15 05:05:49
360,43,Avalia√ß√£o 5 de 5,,03 fev. 2025,2025-06-15 05:06:00
361,43,Avalia√ß√£o 5 de 5,Top.,16 jun. 2024,2025-06-15 05:06:02
362,43,Avalia√ß√£o 5 de 5,Satisfeita.,27 mai. 2025,2025-06-15 05:06:04
363,43,Avalia√ß√£o 5 de 5,Atendeu todas as expectativas prometidas.,21 mai. 2025,2025-06-15 05:06:06
364,43,Avalia√ß√£o 4 de 5,"√â bom f√°cil de instalar por√©m acaba mais r√°pido que pudim na geladeira, valor meiofoda mais √© boa üëçüèΩ.",13 abr. 2025,2025-06-15 05:06:08
365,43,Avalia√ß√£o 5 de 5,√ìtimo.,08 abr. 2025,2025-06-15 05:06:10
366,43,Avalia√ß√£o 5 de 5,"Produto de qualidade nota dez, vou comprar sempre.",23 mar. 2025,2025-06-15 05:06:12
367,43,Avalia√ß√£o 5 de 5,"Produto original, √≥tima qualidade, mas cuidado na instala√ß√£o, a impressora demora para reconhecer o novo cartucho.",29 dez. 2024,2025-06-15 05:06:14
368,43,Avalia√ß√£o 5 de 5,Bom.,13 dez. 2024,2025-06-15 05:06:16
369,43,Avalia√ß√£o 5 de 5,Perfeito.,12 jun. 2024,2025-06-15 05:06:18
370,44,Avalia√ß√£o 5 de 5,A. Melhor marca que existe hp.,15 out. 2024,2025-06-15 05:06:29
371,44,Avalia√ß√£o 5 de 5,Pre√ßo justo e qualidade superior.,17 set. 2024,2025-06-15 05:06:31
372,44,Avalia√ß√£o 5 de 5,Excelente produto original.,28 mai. 2025,2025-06-15 05:06:33
373,44,Avalia√ß√£o 5 de 5,Muito bom.,02 mai. 2025,2025-06-15 05:06:35
374,44,Avalia√ß√£o 5 de 5,"Muito bom, gostei!.",16 abr. 2025,2025-06-15 05:06:37
375,44,Avalia√ß√£o 5 de 5,Cartucho original √© originalmente excelente.,08 mar. 2025,2025-06-15 05:06:40
376,44,Avalia√ß√£o 5 de 5,Muito bom.,08 mar. 2025,2025-06-15 05:06:42
377,44,Avalia√ß√£o 5 de 5,Fiz no m√°ximo 20 impress√µes em modo econ√¥mico e a tinta acabou. N√£o compro mais.,19 fev. 2025,2025-06-15 05:06:44
378,44,Avalia√ß√£o 5 de 5,√ìtimo.,19 fev. 2025,2025-06-15 05:06:46
379,44,Avalia√ß√£o 5 de 5,Boa compra.,05 fev. 2025,2025-06-15 05:06:48
380,45,Avalia√ß√£o 5 de 5,"O produto √© excelente, de √≥tima qualidade (hp), mas a quantidade do cartucho de tinta, de apenas 2 ml √© muito insuficiente. Creio que colocar (+) 1 ml de tinta j√° ajudaria bastante.",18 set. 2024,2025-06-15 05:06:58
381,45,Avalia√ß√£o 5 de 5,Primo custo benef√≠cio.,01 fev. 2025,2025-06-15 05:07:01
382,45,Avalia√ß√£o 5 de 5,Funcionou perfeitamente.,25 jan. 2025,2025-06-15 05:07:03
383,45,Avalia√ß√£o 5 de 5,"Compro sempre essa marca, porque tem uma boa impress√£o, eu acho assim, o que √© bom nunca se muda a marca.",26 dez. 2024,2025-06-15 05:07:05
384,45,Avalia√ß√£o 5 de 5,Boa qualidade.,11 nov. 2024,2025-06-15 05:07:07
385,45,Avalia√ß√£o 5 de 5,"Excelente, recomendo.",14 out. 2024,2025-06-15 05:07:09
386,45,Avalia√ß√£o 5 de 5,"Produto original, muito bom.",14 out. 2024,2025-06-15 05:07:11
387,45,Avalia√ß√£o 1 de 5,Um lixo! deve ser falsificado de pessima qualidade.,15 out. 2024,2025-06-15 05:07:13
388,45,Avalia√ß√£o 1 de 5,"N√£o dura nada, diz que imprime 100 folhas, n√£o chega nem a 60.",01 jan. 2025,2025-06-15 05:07:15
389,46,Avalia√ß√£o 5 de 5,"Eu achei o produto bom, por√©m quando fui carregar me disseram que era falsificado, mas pra mim funcionou bem.",20 ago. 2024,2025-06-15 05:07:25
390,46,Avalia√ß√£o 4 de 5,"N√£o √© t√£o dur√°vel assim,mas √© melhor que comprar a de 2 ml.",14 jun. 2024,2025-06-15 05:07:28
391,46,Avalia√ß√£o 5 de 5,Melhor cartucho. Nao compre outra.,01 jun. 2025,2025-06-15 05:07:30
392,46,Avalia√ß√£o 4 de 5,N√£o dura como anunciado.,22 mar. 2025,2025-06-15 05:07:32
393,46,Avalia√ß√£o 4 de 5,N√£o sei se vem a quantidade de tinta descrito.,17 mar. 2025,2025-06-15 05:07:34
394,46,Avalia√ß√£o 5 de 5,√ìtimo produto.,05 mar. 2025,2025-06-15 05:07:36
395,46,Avalia√ß√£o 5 de 5,Top.,26 fev. 2025,2025-06-15 05:07:38
396,46,Avalia√ß√£o 5 de 5,Gostei do produto.,21 fev. 2025,2025-06-15 05:07:40
397,46,Avalia√ß√£o 4 de 5,Atendeu o necess√°rio.,20 fev. 2025,2025-06-15 05:07:42
398,46,Avalia√ß√£o 4 de 5,Produto muito bom.,20 fev. 2025,2025-06-15 05:07:44
