id,products_url_id,url,title,price,review_rating,review_amount,seller,description,brand,product_line,model,sales_format,volume_total,page_yield,cartridge_type,comments_scraped,data_cadastro
1,1,https://www.mercadolivre.com.br/cartucho-hp-667xl-preto-e-color-02-preto-e-01-colorido/p/MLB38632061?pdp_filters=item_id:MLB4958865268#wid=MLB4958865268&sid=search&is_advertising=true&searchVariation=MLB38632061&backend_model=search-backend&position=1&search_layout=grid&type=pad&tracking_id=e1e71e81-fbe3-4cc2-8503-adaaeba0492a&is_advertising=true&ad_domain=VQCATCORE_LST&ad_position=1&ad_click_id=NWY4YmY1NWEtMjljOS00YTQ5LTlkMWYtYTdkMzM2OWE5YTM1,Cartucho Hp 667xl Preto E Color. 02 Preto E 01 Colorido,298.5,4.6,80,Park Ecom,"Anúncio contendo:
03 unidades cartucho HP 667xl (2x Preto e 1x Colorido)

Ficha técnica do produto:

Marca: HP
Modelo: 667XL (3YM81AB)
Cor: Preto
Tecnologia de impressão: Jato de tinta
Capacidade de impressão: até 480 páginas (com base na cobertura de 5% da página)
Compatibilidade: HP DeskJet Ink Advantage 2776, 2777, 2778, 3776, 3777, 3778, 3779, 5275, 5276, 5278
Dimensões do produto (L x P x A): 11,5 x 3,6 x 11,1 cm
Peso: 0,05 kg

Marca: HP
Modelo: 667XL (3YM80AL)
Cor: Colorido
Tecnologia de impressão: Jato de tinta
Capacidade de impressão: até 400 páginas (com base na cobertura de 5% da página)
Compatibilidade: HP DeskJet Ink Advantage 2776, 2777, 2778, 3776, 3777, 3778, 3779, 5275, 5276, 5278
Dimensões do produto (L x P x A): 11,5 x 3,6 x 11,1 cm
Peso: 0,05 kg",HP,Ink Advantage,667XL,Kit,"8,5 mL",300,Original,1,2025-06-15 04:43:49
2,2,https://www.mercadolivre.com.br/hp-667xl-cartucho-de-tinta-preta-3ym80al/p/MLB22549449?pdp_filters=item_id:MLB5405826262#wid=MLB5405826262&sid=search&is_advertising=true&searchVariation=MLB22549449&backend_model=search-backend&position=2&search_layout=grid&type=pad&tracking_id=e1e71e81-fbe3-4cc2-8503-adaaeba0492a&is_advertising=true&ad_domain=VQCATCORE_LST&ad_position=2&ad_click_id=MTUwNGE2YmQtZmI4Ni00YTQ4LWI5ZGYtZmQ3YmI0NTVmYmQ3,HP 667XL Cartucho de tinta Preta 3ym80al,162.63,4.5,82,MVCARTUCHOS4,"Características do Produto
Imprima seus documentos todos os dias com alta qualidade garantida a um preço acessível com cartuchos de tinta HP de baixo custo, projetados com proteção contra fraude e alertas de pouca tinta, o que oferece um desempenho sem preocupações e resultados consistentes.

Especificações
Cartucho HP 667 preto
Rendimento: 480 páginas

Compatibilidade
Deskjet Ink Advantage 2376
Deskjet Ink Advantage 2774
Deskjet Ink Advantage 2776
Deskjet Ink Advantage 6476

Conteúdo da embalagem:
- 01 Cartucho HP 667xl Preto (Black)",HP,DesignJet,667XL,Unidade,8 mL,330,Original,1,2025-06-15 04:43:56
3,3,https://www.mercadolivre.com.br/kit-cartucho-de-tinta-hp-667xl-preto-colorido/p/MLB39023091?pdp_filters=item_id:MLB5293341574#wid=MLB5293341574&sid=search&is_advertising=true&searchVariation=MLB39023091&backend_model=search-backend&position=3&search_layout=grid&type=pad&tracking_id=e1e71e81-fbe3-4cc2-8503-adaaeba0492a&is_advertising=true&ad_domain=VQCATCORE_LST&ad_position=3&ad_click_id=MmY4Zjg0MTQtODFhNi00ZTk1LWIxYjUtYmU3OTQ3Mzc3MTRh,Kit Cartucho De Tinta Hp 667xl Preto + Colorido,270.0,4.6,80,YUKIINFORMATICA,"Características do Produto:

Cartucho HP 667XL Preto
Rendimento: 480 páginas
Compatibilidade: HP Deskjet Ink Advantage 2376, HP Deskjet Ink Advantage 2774, HP Deskjet Ink Advantage 2776, HP DeskJet Ink Advantage 6476

Cartucho HP 667XL Colorido
Rendimento: 330 páginas
Compatibilidade: HP Deskjet Ink Advantage 2376, HP Deskjet Ink Advantage 2774, HP Deskjet Ink Advantage 2776, HP DeskJet Ink Advantage 6476

Conteúdo de embalagem: 1 Cartucho HP 667XL Preto e 1 Cartucho HP 667XL Colorido.",HP,Ink Advantage,667XL,Kit,8 mL,330,Original,1,2025-06-15 04:44:03
4,4,https://www.mercadolivre.com.br/cartucho-hp-667-preto-2376-2776-6476/p/MLB22022306#polycard_client=search-nordic&searchVariation=MLB22022306&wid=MLB3713375243&position=17&search_layout=grid&type=product&tracking_id=e1e71e81-fbe3-4cc2-8503-adaaeba0492a&sid=search,Cartucho HP 667 Preto 2376 2776 6476,66.9,4.7,"1,892",OBERO INFORMATICA,"cartucho HP 667 (3YM79AB) Preto 2ml


Especificações de impressão
-Conteúdo: 2ml
-Tecnologia de impressão: Jato de tinta

Rendimento
-1 Cartucho 667 preto rende até 120 páginas.

Rendimento considerando 5% de cobertura na folha A4.
Para um bom rendimento do cartucho o ideal é não ultrapassarmos os 5% área de cobertura. Quando utilizado o recurso de negritar títulos, trechos ou incluímos imagens essa porcentagem de cobertura facilmente sobe para 10%. Isto faz com que seu cartucho dure menos páginas.

Impressoras Compatíveis
Hp Deskjet Ink Advantage 1275, 2374, 2375, 2376, 2775, 2776
Hp Deskjet Ink Advantage Plus 6475, 6476

DESCRIÇÃO
-Imprima todas as fotos e documentos de alta qualidade.
-Desempenho em alta velocidade as tintas originais HP são elaboradas para ajudar você a imprimir rapidamente sem abrir mão da qualidade.",HP,Ink Advantage,667,Unidade,2 mL,120,Original,1,2025-06-15 04:44:09
5,5,https://www.mercadolivre.com.br/cartucho-de-tinta-hp-667-deskjet-ink-advantage-cor-preto-e-colorido-do-4-ml-2-unidades/p/MLB36785112#polycard_client=search-nordic&searchVariation=MLB36785112&wid=MLB4678636310&position=16&search_layout=grid&type=product&tracking_id=e1e71e81-fbe3-4cc2-8503-adaaeba0492a&sid=search,Cartucho De Tinta Hp 667 Deskjet Ink Advantage Cor Preto E Colorido Do 4 Ml 2 Unidades,153.1,4.8,"1,953",OBERO INFORMATICA,"Itens incluso nesse kit:
1 cartucho HP 667 (3YM79AB) Preto 2ml
1 cartucho HP 667 (3YM78AB) Tricolor 2ml

Especificações de impressão
-Conteúdo: 2ml
-Tecnologia de impressão: Jato de tinta

Rendimento
-1 Cartucho 667 preto rende até 120 páginas.
-1 Cartucho 667 tricolor rende até 100 páginas.

Rendimento considerando 5% de cobertura na folha A4.
Para um bom rendimento do cartucho o ideal é não ultrapassarmos os 5% área de cobertura. Quando utilizado o recurso de negritar títulos, trechos ou incluímos imagens essa porcentagem de cobertura facilmente sobe para 10%. Isto faz com que seu cartucho dure menos páginas.

Impressoras Compatíveis
Hp Deskjet Ink Advantage 1275, 2374, 2375, 2376, 2775, 2776
Hp Deskjet Ink Advantage Plus 6475, 6476

DESCRIÇÃO
-Imprima todas as fotos e documentos de alta qualidade.",HP,Advantage,667 Deskjet Ink Advantage,Kit,4 mL,220,Original,1,2025-06-15 04:44:16
6,6,https://www.mercadolivre.com.br/cartucho-hp-667-colorido-3ym78ab/p/MLB22658653#polycard_client=search-nordic&searchVariation=MLB22658653&wid=MLB3897978171&position=8&search_layout=grid&type=product&tracking_id=e1e71e81-fbe3-4cc2-8503-adaaeba0492a&sid=search,Cartucho Hp 667 Colorido 3ym78ab,71.9,4.7,"1,892",vanvan,"Características do Produto:
Volume de páginas impressas: até 120 páginas.
Impressões que funcionam todas as vezes. Cartuchos projetados para alto rendimento. Impressões resistentes à água e que não desbotam com o tempo. Cores mais vibrantes e nítidas. Com Tecnologia anti curvas. Fotos e documentos que duram mais de 50 anos sem perder a cor e a qualidade. Resultados superiores da primeira à última página, sem obstruções ou impressões com bandas. Impressão sustentável, os cartuchos HP são feitos com até 50% de material reciclado.
Compatíveis com a nova geração de impressoras Deskjet Ink Advantage da HP, que contempla as impressoras:
DESKJET INK ADVANTAGE 2376;
DESKJET INK ADVANTAGE 2776;
DESKJET INK ADVANTAGE 2775;
DESKJET INK ADVANTAGE 2375;
DESKJET INK ADVANTAGE 2374;
DESKJET INK ADVANTAGE 1275;
HP Deskjet Ink Advantage Plus 6475;
HP Deskjet Ink Advantage Plus 6476.",HP,Ink Advantage,667,Unidade,2 mL,120,Original,1,2025-06-15 04:44:23
7,7,https://www.mercadolivre.com.br/cartucho-de-tinta-hp-667-cor-preto-do-2-ml/p/MLB37141763#polycard_client=search-nordic&searchVariation=MLB37141763&wid=MLB5211173074&position=24&search_layout=grid&type=product&tracking_id=e1e71e81-fbe3-4cc2-8503-adaaeba0492a&sid=search,Cartucho De Tinta Hp 667 Cor Preto Do 2 Ml,64.69,4.8,"3,384",Eshop,"Características do Produto:

Cartucho HP 667 preto

Rendimento: 100 páginas (com cobertura de 5%).

Impressoras e Multifuncionais Compatíveis:

Deskjet Ink Advantage 2376; Deskjet Ink Advantage 2776; Deskjet Ink Advantage 6476
HP DeskJet Plus Ink Advantage 6000 series, HP DeskJet Plus Ink Advantage 6400 series, HP Deskjet Ink Advantage 1200 Printer, HP Deskjet Ink Advantage 2300 All-in-One, HP DeskJet Ink Advantage 2700 All-in-One Printer, HP DeskJet Ink Advantage 4100 All-in-One Printer - Deskjet Ink Advantage 2774.",HP,Advantage,667,Unidade,2 mL,100,Original,1,2025-06-15 04:44:30
8,8,https://produto.mercadolivre.com.br/MLB-2685036387-kit-cartucho-tinta-original-hp-667-pretocolorido-2376-2774-_JM#polycard_client=search-nordic&position=36&search_layout=grid&type=item&tracking_id=e1e71e81-fbe3-4cc2-8503-adaaeba0492a&wid=MLB2685036387&sid=search,Kit Cartucho Tinta Original Hp 667 Preto/colorido 2376 2774,154.9,4.7,"3,755",OBERO INFORMATICA,"***REVENDEDOR OFICIAL HP BRASIL***

Obtenha a qualidade da HP que você conhece e confia. Imprima documentos todos os dias com texto e imagens nítidas e os custos de impressão acessíveis com os cartuchos originais HP. Imprima bordas perfeitas em textos e em gráficos, usando Cartuchos Originais HP. Qualidade impressionante de texto e imagens para desfrutar de documentos e fotos.



- Volume de páginas impressas: até 100 páginas

- Impressões que funcionam todas as vezes. Cartuchos projetados para alto rendimento

- Impressões resistentes à água e que não desbotam com o tempo

- Cores mais vibrantes e nítidas. Com Tecnologia anti curvas

- Fotos e documentos que duram mais de 50 anos sem perder a cor e a qualidade

- Resultados superiores da primeira à última página, sem obstruções ou impressões com bandas

- Impressão sustentável, os cartuchos HP originais são feitos com até 50% de material reciclado



Compatibilidade

Serie Deskjet Ink Advantage 2300
- Deskjet Ink Advantage 2374
- Deskjet Ink Advantage 2375
- Deskjet Ink Advantage 2376
Serie Deskjet Ink Advantage 2700
- Deskjet Ink Advantage 2774
- Deskjet Ink Advantage 2775
- Deskjet Ink Advantage 2776
- Deskjet Ink Advantage 2777
- Deskjet Ink Advantage 2874
Serie DeskJet Plus Ink Advantage série 6000
Serie DeskJet Plus Ink Advantage série 6400
Serie Deskjet Ink Advantage 1200
Serie DeskJet Ink Advantage 4100




Kit

1 (um) Cartucho de Tinta HP 667 3YM79AL Original Preto / 2ml

1 (um) Cartucho de Tinta HP 667 3YM78AL Original Colorido / 2ml",HP,Advantage,667,Unidade,2 mL,100,Original,1,2025-06-15 04:44:36
9,9,https://www.mercadolivre.com.br/cartucho-de-tinta-hp-tricolor-667/p/MLB36752162#polycard_client=search-nordic&searchVariation=MLB36752162&wid=MLB3929212729&position=35&search_layout=grid&type=product&tracking_id=e1e71e81-fbe3-4cc2-8503-adaaeba0492a&sid=search,Cartucho De Tinta Hp Tricolor 667,68.55,4.7,"1,201",Eshop,"Cartucho HP 667 Colorido

Maximize o uso de sua impressora HP com tinta de alta qualidade. Imprima fotos e documentos com cores vivas e texto nítido.

Alertas de baixo nível de tinta ajudam a evitar que a tinta acabe em momentos inoportunos.

Os cartuchos são projetados para entregar cores vibrantes e texto claro.

- Rendimento Preto: 100 páginas
- Tecnologia de impressão: Jato de Tinta
- Capacidade: 2 ml

Impressoras Compatíveis:
- HP Deskjet Ink Advantage 2376
- HP Deskjet Ink Advantage 2776
- HP Deskjet Ink Advantage 6476",HP,Advantage,HP 667 Colorido,Unidade,2 mL,100,Original,1,2025-06-15 04:44:43
10,10,https://produto.mercadolivre.com.br/MLB-3208197871-kit-cartucho-hp-667-667xl-deskjet-2776-preto-e-color-_JM#is_advertising=true&backend_model=search-backend&position=10&search_layout=grid&type=pad&tracking_id=e1e71e81-fbe3-4cc2-8503-adaaeba0492a&is_advertising=true&ad_domain=VQCATCORE_LST&ad_position=10&ad_click_id=OWI4ZTZjMGUtNTViOC00NTBkLThkMzgtZGIwNGIzZTllMjQ5,Kit Cartucho Hp 667 667xl Deskjet 2776 Preto E Color,199.9,4.4,337,Park Ecom,"PARK ECOM, LOJA OFICIAL DO MERCADO LIVRE.
APROVEITE AS MELHORES CONDIÇÕES DE COMPRA COM ENVIO GRÁTIS A PARTIR DE 79,00!

--- QUALIDADE GARANTIDA.

--- PRODUTO NOVO.

--- EMITIMOS NOTA FISCAL PARA PESSOA FÍSICA E JURÍDICA.

--- GARANTIA CONTRA DEFEITOS DE FABRICAÇÃO.

ANÚNCIO CONTENDO: 01 CARTUCHO HP 667XL PRETO E 01 CARTUCHO HP 667XL COLORIDO

DESEMPENHO:
CARTUCHO HP 667XL PRETO: ATÉ 480 PÁGINAS (com base na cobertura de 5% da página)
CARTUCHO HP 667XL COLORIDO: ATÉ 330 PÁGINAS (com base na cobertura de 5% da página)

VOLUME DE TINTA NO CARTUCHO PRETO: 8,5ml
VOLUME DE TINTA NO CARTUCHO COLORIDO: 8ml

***PREZADO CLIENTE, ANTES DE CONFIRMAR A COMPRA, VERIFICAR A COMPATIBILIDADE DO CARTUCHO PARA SUA IMPRESSORA. NÃO TROCAMOS CARTUCHOS VIOLADOS POR ERRO DE COMPRA.***

Compatibilidade:
Cartucho Compatível com as impressoras:
HP Deskjet Ink Advantage 1275, 2374, 2375, 2376,2774,2776, 2874, 6476.

Aproveite ao máximo sua impressora HP e também sua tinta. Imprima todas as fotos e documentos de alta qualidade que precisar usando os cartuchos de tinta originais HP, que ajudam a garantir que sua impressora HP ofereça os resultados consistentes que você espera.

Ajude a garantir as melhores impressões possíveis na escola, em casa e no trabalho com cartuchos HP desenvolvidos e testados com sua impressora HP e projetados para oferecer impressões consistentemente excepcionais.

- Desenvolvido para oferecer desempenho ótimo desde o primeiro uso
- Produza impressões duradouras e resistentes à descoloração de fotos e documentos que poderão ser apreciados por gerações.
- Otimize a impressão e minimize desperdícios de papel, tinta e energia
- Ao optar pelas tintas originais da HP, você contribui para a economia circular e colabora com o processo de reciclagem da HP, que permite que os produtos tenham uma nova chance de vida.

Média aproximada com base na metodologia de teste ISO / IEC 24711 ou HP e impressão contínua. O desempenho real varia consideravelmente de acordo com o conteúdo das páginas impressas e outros fatores.

Qualquer dúvida entre em contato conosco. Estamos à disposição! :)

Garantia do vendedor: 3 meses",HP,Advantage,667 XL 2376 667XL 2776 2774,Kit,"8,5 mL",300,Original,1,2025-06-15 04:44:51
11,11,https://produto.mercadolivre.com.br/MLB-4400115272-kit-cartuchos-hp-667xl-preto-e-667xl-color-original-_JM#is_advertising=true&backend_model=search-backend&position=11&search_layout=grid&type=pad&tracking_id=e1e71e81-fbe3-4cc2-8503-adaaeba0492a&is_advertising=true&ad_domain=VQCATCORE_LST&ad_position=11&ad_click_id=ODA2ZTdjNGQtZmI2Ny00MGE5LWJkMjEtOThkZTJhNThkYmU2,Kit Cartuchos Hp 667xl Preto E 667xl Color Original,263.12,4.6,35,MVCARTUCHOS4,"Especificações

Cartucho HP 667 preto
Rendimento: 480 páginas

Compatibilidade

Deskjet Ink Advantage 2376
Deskjet Ink Advantage 2774
Deskjet Ink Advantage 2776
Deskjet Ink Advantage 6476

Especificações

Cartucho HP 667 xl colorido
Rendimento: 330 páginas

Compatibilidade

Deskjet Ink Advantage 2376
Deskjet Ink Advantage 2774
Deskjet Ink Advantage 2776
Deskjet Ink Advantage 6476",HP,,Cartuchos Hp 667xl Preto E 667xl Color Original Kit,Kit,"16,5 mL",480,Original,1,2025-06-15 04:44:57
12,12,https://produto.mercadolivre.com.br/MLB-2788449919-kit-cartucho-hp-667-preto-667-colorido-original-2376-2776-_JM#is_advertising=true&backend_model=search-backend&position=12&search_layout=grid&type=pad&tracking_id=e1e71e81-fbe3-4cc2-8503-adaaeba0492a&is_advertising=true&ad_domain=VQCATCORE_LST&ad_position=12&ad_click_id=MTMyMzdkMmItZjVlNy00ZmI2LWFiMzEtNjM5M2M5ZDM2YmIx,Kit Cartucho Hp 667 Preto + 667 Colorido Original 2376 2776,169.0,5.0,44,informticaponto,"Adquira para sua impressora a melhor tinta de impressão do mercado! Com impressões inteligentes, que proporcionam excelente desempenho do início ao fim do insumo. Confira mais detalhes do produto abaixo:

Kit Cartucho de Tinta HP 667 Preto + HP 667 Colorido Advantage Original

1 (um) Cartucho de tinta HP 667 Preto Advantage Original - 3YM79AL
1 (um) Cartucho de Tinta HP 667 Colorido Advantage Original - 3YM78AL

Compatíveis com a nova geração de impressoras Deskjet Ink Advantage da HP, que contempla as impressoras:

DESKJET INK ADVANTAGE 2376;
DESKJET INK ADVANTAGE 2776
DESKJET INK ADVANTAGE 2775
DESKJET INK ADVANTAGE 2774
DESKJET INK ADVANTAGE 2375
DESKJET INK ADVANTAGE 2374
DESKJET INK ADVANTAGE 1275
HP Deskjet Ink Advantage Plus 6475
HP Deskjet Ink Advantage Plus 6476

Cartucho hp deskjet ink advantage 2774
Cartucho para impressora hp 2774
Cartucho para impressora hp 2774
Impressora hp 2774 cartucho

Diferenciadores:

Impressões que funcionam todas as vezes. Cartuchos projetados para alto rendimento.
Impressões resistentes à água e que não desbotam com o tempo.
Cores mais vibrantes e nítidas. Com Tecnologia anti curvas.
Fotos e documentos que duram mais de 50 anos sem perder a cor e a qualidade.
Resultados superiores da primeira à última página, sem obstruções ou impressões com bandas.

Segurança e Observação:
Garantimos o total respeito ao consumidor. Prestamos um atendimento ágil e rápido. Em caso de devoluções ou problemas com o produto, entrem em contato imediatamente conosco para que possamos analisar o caso mais breve possível.

• Os cartuchos anunciados além de originais e lacrados nas caixas, estão prontos para uso.

• Dúvidas freqüentes:
• Os produtos são novos? R: Sim, todos os produtos são novos e lacrados.
• A mercadoria está disponível à pronta entrega? R: Sim, trabalhamos com produtos em estoque.

Somos a PONTO NET INFORMÁTICA, atuamos há 15 anos oferecendo as melhores oportunidades em toners, impressoras, tintas de recarga e materiais de informática.

Garantia do vendedor: 7 dias",HP,Advantage,Tinta hp 667,Kit,2 mL,,Original,1,2025-06-15 04:45:04
13,13,https://www.mercadolivre.com.br/cartucho-de-tinta-hp-667-cor-preto-colorido-do-2-ml/p/MLB36840204#polycard_client=search-nordic&searchVariation=MLB36840204&wid=MLB5247041942&position=7&search_layout=grid&type=product&tracking_id=e1e71e81-fbe3-4cc2-8503-adaaeba0492a&sid=search,Cartucho De Tinta Hp 667 Cor Preto Colorido Do 2 Ml,151.9,4.7,"1,892",SCOTCH,"Kit Cartucho Hp 667 Preto + Hp 667 Colorido para impressões de alta qualidade. Com este kit, é possível imprimir até 200 páginas. As impressões possuem durabilidade de até 100 anos.

Compatível com os seguintes modelos de impressoras:

- Hp deskjet 1275
- Deskjet 2374
- Deskjet 2375
- Deskjet 2376
- Deskjet 2775
- Deskjet 2776
- Deskjet ink advantage Plus 6475
- Deskjet ink advantage Plus 6476",HP,Ink Advantage,667,Unidade,2 mL,120,Original,1,2025-06-15 04:45:11
14,14,https://produto.mercadolivre.com.br/MLB-3837311410-kit-cartuchos-tinta-hp-667-preto-hp-667-color-menor-preco-_JM#polycard_client=search-nordic&position=37&search_layout=grid&type=item&tracking_id=e1e71e81-fbe3-4cc2-8503-adaaeba0492a&wid=MLB3837311410&sid=search,Kit Cartuchos Tinta Hp 667 Preto + Hp 667 Color Menor Preço,147.99,4.7,570,vanvan,"*** REVENDEDOR OFICIAL HP BRASIL ***


========================================
Cartucho Hp 667 Preto + Cartucho Hp 667
========================================

Compatibilidade
Serie Deskjet Ink Advantage 2300
- Deskjet Ink Advantage 2373
- Deskjet Ink Advantage 2374
- Deskjet Ink Advantage 2375
- Deskjet Ink Advantage 2376
Serie Deskjet Ink Advantage 2700
- Deskjet Ink Advantage 2774
- Deskjet Ink Advantage 2775
- Deskjet Ink Advantage 2776
- Deskjet Ink Advantage 2777
- Deskjet Ink Advantage 6476
Serie DeskJet Plus Ink Advantage série 6000
Serie DeskJet Plus Ink Advantage série 6400
Serie Deskjet Ink Advantage 1200
Serie DeskJet Ink Advantage 4100


Obtenha a qualidade da HP que você conhece e confia. Imprima documentos todos os dias com texto e imagens nítidas e os custos de impressão acessíveis com os cartuchos originais HP. Imprima bordas perfeitas em textos e em gráficos, usando Cartuchos Originais HP. Qualidade impressionante de texto e imagens para desfrutar de documentos e fotos.

- Volume de páginas impressas: até 120 páginas conforma regra ISO de 5% de cobertura do papel

- Impressões que funcionam todas as vezes. Cartuchos projetados para alto rendimento

- Impressões resistentes à água e que não desbotam com o tempo

- Cores mais vibrantes e nítidas. Com Tecnologia anti curvas

- Fotos e documentos que duram mais de 50 anos sem perder a cor e a qualidade

- Resultados superiores da primeira à última página, sem obstruções ou impressões com bandas

- Impressão sustentável, os cartuchos HP originais são feitos com até 50% de material reciclado

Kit

1 (um) Cartucho de Tinta HP 667 3YM79AL Preto / 2ml

1 (um) Cartucho de Tinta HP 667 3YM78AL Colorido / 2ml",HP,,667,Kit,4 mL,120,Original,1,2025-06-15 04:45:17
15,15,https://www.mercadolivre.com.br/kit-cartucho-hp-667-667xl-deskjet-2776-preto-e-color-full/p/MLB48152766#polycard_client=search-nordic&searchVariation=MLB48152766&backend_model=search-backend&wid=MLB5370579290&position=26&search_layout=grid&type=product&tracking_id=e1e71e81-fbe3-4cc2-8503-adaaeba0492a&sid=search,Kit Cartucho Hp 667 667xl Deskjet 2776 Preto E Color Full,314.0,5.0,26,Park Ecom,"--- QUALIDADE GARANTIDA.

ANÚNCIO CONTENDO: 01 CARTUCHO HP 667XL PRETO E 01 CARTUCHO HP 667XL COLORIDO

DESEMPENHO:
CARTUCHO HP 667XL PRETO: ATÉ 480 PÁGINAS (com base na cobertura de 5% da página)
CARTUCHO HP 667XL COLORIDO: ATÉ 330 PÁGINAS (com base na cobertura de 5% da página)

VOLUME DE TINTA NO CARTUCHO PRETO: 8,5ml
VOLUME DE TINTA NO CARTUCHO COLORIDO: 8ml

Compatibilidade:
Cartucho Compatível com as impressoras:
HP Deskjet Ink Advantage 1275, 2374, 2375, 2376, 2774, 2776, 2874, 6476.

Ajude a garantir as melhores impressões possíveis na escola, em casa e no trabalho com cartuchos HP desenvolvidos e testados com sua impressora HP e projetados para oferecer impressões consistentes.

- Desenvolvido para oferecer desempenho ótimo desde o primeiro uso
- Produza impressões duradouras e resistentes à descoloração de fotos e documentos
- Otimize a impressão e minimize desperdícios de papel, tinta e energia
- Ao optar pelas tintas da HP, você contribui para a economia circular e colabora com o processo de reciclagem da HP.

Média aproximada com base na metodologia de teste ISO / IEC 24711 ou HP e impressão contínua. O desempenho real varia consideravelmente de acordo com o conteúdo das páginas impressas e outros fatores.",HP,DeskJet,667 XL 2376 667XL 2776 2774,Kit,8 mL,480,Original,1,2025-06-15 04:45:24
16,16,https://www.mercadolivre.com.br/cartucho-de-tinta-hp-667-cor-preto-do-2-ml/p/MLB38358712#polycard_client=search-nordic&searchVariation=MLB38358712&wid=MLB4697490898&position=31&search_layout=grid&type=product&tracking_id=e1e71e81-fbe3-4cc2-8503-adaaeba0492a&sid=search,Cartucho De Tinta Hp 667 Cor Preto Do 2 Ml,73.37,4.8,206,JCMULTVENDAS,"- Volume de páginas impressas: até 100 páginas

- Impressões que funcionam todas as vezes. Cartuchos projetados para alto rendimento

- Impressões resistentes à água e que não desbotam com o tempo

- Cores mais vibrantes e nítidas. Com Tecnologia anti curvas

- Fotos e documentos que duram mais de 50 anos sem perder a cor e a qualidade

- Resultados superiores da primeira à última página, sem obstruções ou impressões com bandas

- Impressão sustentável, os cartuchos HP são feitos com até 50% de material reciclado

Compatibilidade

Serie Deskjet Ink Advantage 2300
- Deskjet Ink Advantage 2374
- Deskjet Ink Advantage 2375
- Deskjet Ink Advantage 2376

Serie Deskjet Ink Advantage 2700
- Deskjet Ink Advantage 2774
- Deskjet Ink Advantage 2775
- Deskjet Ink Advantage 2776
- Deskjet Ink Advantage 2777
- Deskjet Ink Advantage 2874

Serie DeskJet Plus Ink Advantage série 6000

Serie DeskJet Plus Ink Advantage série 6400

Serie Deskjet Ink Advantage 1200

Serie DeskJet Ink Advantage 4100

Itens Inclusos na Embalagem:
- 1 unidade Cartucho de Tinta HP 667 3YM79AL Preto 2ml",HP,Ink Advantage,667,Unidade,2 mL,100,Original,1,2025-06-15 04:45:31
17,17,https://www.mercadolivre.com.br/cartucho-tinta-tricolor-667-hp/p/MLB22546333#polycard_client=search-nordic&searchVariation=MLB22546333&wid=MLB3750409891&position=15&search_layout=grid&type=product&tracking_id=e1e71e81-fbe3-4cc2-8503-adaaeba0492a&sid=search,Cartucho Tinta Tricolor 667 Hp,78.0,4.7,77,Park Ecom,"--- QUALIDADE GARANTIDA.

--- PRODUTO NOVO.

--- EMITIMOS NOTA FISCAL PARA PESSOA FÍSICA E JURÍDICA.

--- GARANTIA CONTRA DEFEITOS DE FABRICAÇÃO.

ANÚNCIO CONTENDO: 01 CARTUCHO HP 667 COLORIDO ORIGINAL

DESEMPENHO:
CARTUCHO HP 667 TRICOLOR: 100 PÁGINAS

***PREZADO CLIENTE, ANTES DE CONFIRMAR A COMPRA, VERIFICAR A COMPATIBILIDADE DO CARTUCHO PARA SUA IMPRESSORA. NÃO TROCAMOS CARTUCHOS VIOLADOS POR ERRO DE COMPRA.

Compatibilidade:
Cartucho Compatível com as impressoras HP Deskjet Ink Advantage 1275;
2374;
2375;
2376;
2774;
2776;
2874;
6476.

Aproveite ao máximo sua impressora HP e também sua tinta. Imprima todas as fotos e documentos de alta qualidade que precisar usando os cartuchos de tinta originais HP, que ajudam a garantir que sua impressora HP ofereça os resultados consistentes que você espera.

Ajude a garantir as melhores impressões possíveis na escola, em casa e no trabalho com cartuchos HP desenvolvidos e testados com sua impressora HP e projetados para oferecer impressões consistentemente excepcionais.

- Desenvolvido para oferecer desempenho ótimo desde o primeiro uso
- Produza impressões duradouras e resistentes à descoloração de fotos e documentos que poderão ser apreciados por gerações.
- Otimize a impressão e minimize desperdícios de papel, tinta e energia
- Ao optar pelas tintas originais da HP, você contribui para a economia circular e colabora com o processo de reciclagem da HP, que permite que os produtos tenham uma nova chance de vida.

Média aproximada com base na metodologia de teste ISO / IEC 24711 ou HP e impressão contínua. O desempenho real varia consideravelmente de acordo com o conteúdo das páginas impressas e outros fatores.",HP,Deskjet Ink Advantage,667,Unidade,2 mL,100,Original,1,2025-06-15 04:45:37
18,18,https://www.mercadolivre.com.br/kit-2-cartucho-hp-667-preto-3ym79al-2776-2376-6476/p/MLB43815192#polycard_client=search-nordic&searchVariation=MLB43815192&wid=MLB5196092166&position=18&search_layout=grid&type=product&tracking_id=e1e71e81-fbe3-4cc2-8503-adaaeba0492a&sid=search,Kit 2 Cartucho Hp 667 Preto 3ym79al 2776 2376 6476,178.89,4.7,"1,892",VIIT,"========================================
Kit 2 Cartucho Hp 667 Preto 3ym79al 2776 2376 6476
========================================

Obtenha a qualidade da HP que você conhece e confia. Imprima documentos todos os dias com texto e imagens nítidas e os custos de impressão acessíveis com os cartuchos HP. Imprima bordas perfeitas em textos e em gráficos, usando Cartuchos HP. Qualidade impressionante de texto e imagens para desfrutar de documentos e fotos.

- Volume de páginas impressas: até 120 páginas (Em modo Rascunho)
- Impressões que funcionam todas as vezes. Cartuchos projetados para alto rendimento
- Impressões resistentes à água e que não desbotam com o tempo
- Cores mais vibrantes e nítidas. Com Tecnologia anti curvas
- Fotos e documentos que duram mais de 50 anos sem perder a cor e a qualidade
- Resultados superiores da primeira à última página, sem obstruções ou impressões com bandas
- Impressão sustentável, os cartuchos HP são feitos com até 50% de material reciclado

Compatibilidade
- Deskjet Ink Advantage 2376
- Deskjet Ink Advantage 2776
- Deskjet Ink Advantage 2774
- Deskjet Ink Advantage 6476

Conteúdo:
2 (dois) Cartuchos de Tinta HP 667 3YM79AL Preto / 2ml

Como Identificar Cartuchos HP:
- Existem diversos itens que precisam ser considerados para se diferenciar os cartuchos HP dos falsificados. Entre eles: etiquetas de segurança visíveis, preço padrão, embalagem adequada e em bom estado, e desempenho dos cartuchos HP.

Abaixo estão algumas maneiras de verificar se o seu produto é genuíno HP:

1. Confira a etiqueta
- Verifique a etiqueta de segurança na caixa e certifique-se de que, à medida que você a movimenta para cima e para baixo e de um lado para o outro, as cores mudam ou o ""HP"" se movimenta pela etiqueta.

2. Digitalize o código
Use o aplicativo HP SureSupply ou algum leitor de código QR para digitalizar o código do selo de segurança do cartucho. Se não for possível captar os códigos QR com o smartphone para fazer a validação on-line.",HP,Ink Advantage,667,Unidade,4 mL,120,Original,1,2025-06-15 04:45:44
19,19,https://produto.mercadolivre.com.br/MLB-1953458246-kit-cartuchos-hp-667-preto-color-2374-a-2376-2775-2776-6475-_JM#is_advertising=true&backend_model=search-backend&position=19&search_layout=grid&type=pad&tracking_id=e1e71e81-fbe3-4cc2-8503-adaaeba0492a&is_advertising=true&ad_domain=VQCATCORE_LST&ad_position=19&ad_click_id=ODBhZmM0ZjctZjMyMy00MzNkLTkwZTYtYjVjOGQ3M2UwNDgz,Kit Cartuchos Hp 667 Preto Color 2374 A 2376 2775 2776 6475 ,179.2,4.7,849,SARAIVA COMERCIO,"Acompanha

- 1 Cartucho Preto 667
- 1 Cartucho Colorido 667

- Rendimento em Preto 120 páginas
- Rendimento em Colorido 100 páginas

- Tecnologia de impressão: Jato de Tinta

- Capacidade/Rendimento: 2 ml cada

Compatíveis com a nova geração de impressoras Deskjet Ink Advantage da HP, que contempla as impressoras:

DESKJET INK ADVANTAGE 1275;
DESKJET INK ADVANTAGE 2374;
DESKJET INK ADVANTAGE 2375;
DESKJET INK ADVANTAGE 2376;
DESKJET INK ADVANTAGE 2774;
DESKJET INK ADVANTAGE 2775;
DESKJET INK ADVANTAGE 2776;
DESKJET INK ADVANTAGE 2874;
HP Deskjet Ink Advantage Plus 6475;
HP Deskjet Ink Advantage Plus 6476.

Produto novo, 100% Original, lacrado, com nota fiscal, envio rápido.

Garantia do vendedor: 3 meses",HP,,Impressoras 2774 2874 1275 2375 6476,Kit,2 mL,220,Original,1,2025-06-15 04:45:51
20,20,https://www.mercadolivre.com.br/kit-cartucho-hp-667-667xl-deskjet-2776-preto-e-color-full/p/MLB48152766?pdp_filters=item_id:MLB5370579290#wid=MLB5370579290&sid=search&is_advertising=true&searchVariation=MLB48152766&backend_model=search-backend&position=20&search_layout=grid&type=pad&tracking_id=e1e71e81-fbe3-4cc2-8503-adaaeba0492a&is_advertising=true&ad_domain=VQCATCORE_LST&ad_position=20&ad_click_id=ZjU2ZTZkMzAtOTE0OC00ZjNhLTkyYmEtNmJlOTIyMjNhNDYw,Kit Cartucho Hp 667 667xl Deskjet 2776 Preto E Color Full,314.0,5.0,26,Park Ecom,"--- QUALIDADE GARANTIDA.

ANÚNCIO CONTENDO: 01 CARTUCHO HP 667XL PRETO E 01 CARTUCHO HP 667XL COLORIDO

DESEMPENHO:
CARTUCHO HP 667XL PRETO: ATÉ 480 PÁGINAS (com base na cobertura de 5% da página)
CARTUCHO HP 667XL COLORIDO: ATÉ 330 PÁGINAS (com base na cobertura de 5% da página)

VOLUME DE TINTA NO CARTUCHO PRETO: 8,5ml
VOLUME DE TINTA NO CARTUCHO COLORIDO: 8ml

Compatibilidade:
Cartucho Compatível com as impressoras:
HP Deskjet Ink Advantage 1275, 2374, 2375, 2376, 2774, 2776, 2874, 6476.

Ajude a garantir as melhores impressões possíveis na escola, em casa e no trabalho com cartuchos HP desenvolvidos e testados com sua impressora HP e projetados para oferecer impressões consistentes.

- Desenvolvido para oferecer desempenho ótimo desde o primeiro uso
- Produza impressões duradouras e resistentes à descoloração de fotos e documentos
- Otimize a impressão e minimize desperdícios de papel, tinta e energia
- Ao optar pelas tintas da HP, você contribui para a economia circular e colabora com o processo de reciclagem da HP.

Média aproximada com base na metodologia de teste ISO / IEC 24711 ou HP e impressão contínua. O desempenho real varia consideravelmente de acordo com o conteúdo das páginas impressas e outros fatores.",HP,DeskJet,667 XL 2376 667XL 2776 2774,Kit,8 mL,480,Original,1,2025-06-15 04:45:58
21,21,https://produto.mercadolivre.com.br/MLB-3282016341-kit-cartucho-hp-667-preto-667-colorido-original-2376-2774-_JM#is_advertising=true&backend_model=search-backend&position=21&search_layout=grid&type=pad&tracking_id=e1e71e81-fbe3-4cc2-8503-adaaeba0492a&is_advertising=true&ad_domain=VQCATCORE_LST&ad_position=21&ad_click_id=NzQ5ZDAyNDAtNTI4MC00NmNkLWFhNjItOWIyNzk3M2UyMjE2,Kit Cartucho Hp 667 Preto + 667 Colorido Original 2376 2774,169.9,4.7,895,Park Ecom,"PARK ECOM, LOJA OFICIAL DO MERCADO LIVRE.
APROVEITE AS MELHORES CONDIÇÕES DE COMPRA COM ENVIO FULL!

--- QUALIDADE GARANTIDA.

--- PRODUTO NOVO.

--- EMITIMOS NOTA FISCAL PARA PESSOA FÍSICA E JURÍDICA.

--- GARANTIA CONTRA DEFEITOS DE FABRICAÇÃO.

KIT CONTENDO: 01 CARTUCHO HP 667 PRETO E 01 CARTUCHO HP 667 COLORIDO ORIGINAL

DESEMPENHO:
CARTUCHO HP 667 PRETO: ATÉ 120 PÁGINAS
CARTUCHO HP 667 TRICOLOR: ATÉ 100 PÁGINAS

VOLUME DE TINTA EM CADA CARTUCHO: 2ml

***PREZADO CLIENTE, ANTES DE CONFIRMAR A COMPRA, VERIFICAR A COMPATIBILIDADE DO CARTUCHO PARA SUA IMPRESSORA. NÃO TROCAMOS CARTUCHOS VIOLADOS POR ERRO DE COMPRA.***

Compatibilidade:
Cartucho Compatível com as impressoras:
HP Deskjet Ink Advantage 1275;
2374;
2375;
2376;
2774;
2776;
2874;
6476.

Aproveite ao máximo sua impressora HP e também sua tinta. Imprima todas as fotos e documentos de alta qualidade que precisar usando os cartuchos de tinta originais HP, que ajudam a garantir que sua impressora HP ofereça os resultados consistentes que você espera.

Ajude a garantir as melhores impressões possíveis na escola, em casa e no trabalho com cartuchos HP desenvolvidos e testados com sua impressora HP e projetados para oferecer impressões consistentemente excepcionais.

- Desenvolvido para oferecer desempenho ótimo desde o primeiro uso
- Produza impressões duradouras e resistentes à descoloração de fotos e documentos que poderão ser apreciados por gerações.
- Otimize a impressão e minimize desperdícios de papel, tinta e energia
- Ao optar pelas tintas originais da HP, você contribui para a economia circular e colabora com o processo de reciclagem da HP, que permite que os produtos tenham uma nova chance de vida.

Média aproximada com base na metodologia de teste ISO / IEC 24711 ou HP e impressão contínua. O desempenho real varia consideravelmente de acordo com o conteúdo das páginas impressas e outros fatores.

Qualquer dúvida entre em contato conosco. Estamos à disposição! :)

Garantia do vendedor: 3 meses",HP,,667 XL 2376 667XL 2776 2774,Kit,4 mL,120,Original,1,2025-06-15 04:46:05
22,22,https://www.mercadolivre.com.br/cartucho-hp-667-667xl-deskjet-2776-preto/p/MLB22843608#polycard_client=search-nordic&searchVariation=MLB22843608&wid=MLB3905774637&position=13&search_layout=grid&type=product&tracking_id=e1e71e81-fbe3-4cc2-8503-adaaeba0492a&sid=search,Cartucho Hp 667 667xl Deskjet 2776 Preto,129.9,4.3,572,TC20240813115050,"O Cartucho de Tinta HP 667XL Preto é a escolha ideal para quem busca qualidade e eficiência na impressão. Com tinta pigmentada, este cartucho proporciona impressões nítidas e duradouras, garantindo que seus documentos e fotos tenham a melhor apresentação possível. Compatível com as impressoras HP DeskJet 2376, 2774 e 2776, ele se destaca pela facilidade de instalação e uso.

Este cartucho é recarregável, o que representa uma opção sustentável e econômica para quem imprime com frequência. A marca HP é reconhecida mundialmente pela sua confiabilidade e inovação, oferecendo produtos que atendem às necessidades dos usuários mais exigentes. Com o modelo 667XL, você terá um rendimento superior, permitindo que você imprima mais páginas sem a necessidade de troca constante de cartucho.

Ideal para ambientes de trabalho, escolas ou uso doméstico, o Cartucho de Tinta HP 667XL Preto é a solução perfeita para quem não abre mão da qualidade. Invista em impressões de alta definição e mantenha seus projetos sempre em destaque.",HP,DeskJet,667XL,Unidade,,480,Original,1,2025-06-15 04:46:11
23,24,https://www.mercadolivre.com.br/kit-2-cartuchos-preto-e-colorido-hp-662-para-impressoras-1516-2515-2516-3515-3516-2546-3546-4646/p/MLB36794457#polycard_client=search-nordic&searchVariation=MLB36794457&wid=MLB5247594054&position=9&search_layout=grid&type=product&tracking_id=e1e71e81-fbe3-4cc2-8503-adaaeba0492a&sid=search,Kit 2 cartuchos Preto e Colorido HP 662 para Impressoras 1516 2515 2516 3515 3516 2546 3546 4646,149.49,4.6,366,SCOTCH,"Itens incluso nesse kit:
1 Cartucho HP 662 Preto(CZ103AB) 2ml
1 Cartucho HP 662 Tricolor(CZ104AB) 2ml

Especificações de impressão
-Conteúdo: 2ml
-Tecnologia de impressão: Jato de tinta

Rendimento
-1 Cartucho 662 preto rende até 120 páginas.
-1 Cartucho 662 tricolor rende até 100 páginas.

Rendimento considerando 5% da folha A4
-Quando utilizado o recurso de negritar títulos, trechos ou incluímos imagens essa porcentagem de cobertura facilmente sobe para 10%. Isto faz com que seu cartucho dure menos páginas.


Impressoras compatíveis
Impressoras HP Deskjet Ink Advantage 1516/2516/2546/2646/3516/3546/4646

DESCRIÇÃO
-Imprima todas as fotos e documentos de alta qualidade.
-Desempenho em alta velocidade as tintas originais HP são elaboradas para ajudar você a imprimir rapidamente sem abrir mão da qualidade.",HP,Advantage,662,Unidade,2 mL,100,Original,1,2025-06-15 04:46:23
24,25,https://produto.mercadolivre.com.br/MLB-1953458246-kit-cartuchos-hp-667-preto-color-2374-a-2376-2775-2776-6475-_JM#polycard_client=search-nordic&backend_model=search-backend&position=38&search_layout=grid&type=item&tracking_id=e1e71e81-fbe3-4cc2-8503-adaaeba0492a&wid=MLB1953458246&sid=search,Kit Cartuchos Hp 667 Preto Color 2374 A 2376 2775 2776 6475 ,179.2,4.7,849,SARAIVA COMERCIO,"Acompanha

- 1 Cartucho Preto 667
- 1 Cartucho Colorido 667

- Rendimento em Preto 120 páginas
- Rendimento em Colorido 100 páginas

- Tecnologia de impressão: Jato de Tinta

- Capacidade/Rendimento: 2 ml cada

Compatíveis com a nova geração de impressoras Deskjet Ink Advantage da HP, que contempla as impressoras:

DESKJET INK ADVANTAGE 1275;
DESKJET INK ADVANTAGE 2374;
DESKJET INK ADVANTAGE 2375;
DESKJET INK ADVANTAGE 2376;
DESKJET INK ADVANTAGE 2774;
DESKJET INK ADVANTAGE 2775;
DESKJET INK ADVANTAGE 2776;
DESKJET INK ADVANTAGE 2874;
HP Deskjet Ink Advantage Plus 6475;
HP Deskjet Ink Advantage Plus 6476.

Produto novo, 100% Original, lacrado, com nota fiscal, envio rápido.

Garantia do vendedor: 3 meses",HP,,Impressoras 2774 2874 1275 2375 6476,Kit,2 mL,220,Original,1,2025-06-15 04:46:30
25,26,https://produto.mercadolivre.com.br/MLB-2685019937-cartucho-de-tinta-hp-667-preto-original-1275-2376-2775-6475-_JM#polycard_client=search-nordic&position=39&search_layout=grid&type=item&tracking_id=e1e71e81-fbe3-4cc2-8503-adaaeba0492a&wid=MLB2685019937&sid=search,Cartucho De Tinta Hp 667 Preto Original 1275 2376 2775 6475,66.9,4.4,12,OBERO INFORMATICA,"Características do Produto:

Volume de páginas impressas: até 120 páginas.
Impressões que funcionam todas as vezes. Cartuchos projetados para alto rendimento. Impressões resistentes à água e que não desbotam com o tempo. Cores mais vibrantes e nítidas. Com Tecnologia anti curvas. Fotos e documentos que duram mais de 50 anos sem perder a cor e a qualidade. Resultados superiores da primeira à última página, sem obstruções ou impressões com bandas. Impressão sustentável, os cartuchos HP originais são feitos com até 50% de material reciclado.
Compatíveis com a nova geração de impressoras Deskjet Ink Advantage da HP, que contempla as impressoras:

DESKJET INK ADVANTAGE 2376;
DESKJET INK ADVANTAGE 2776;
DESKJET INK ADVANTAGE 2775;
DESKJET INK ADVANTAGE 2375;
DESKJET INK ADVANTAGE 2374;
DESKJET INK ADVANTAGE 1275;
HP Deskjet Ink Advantage Plus 6475;
HP Deskjet Ink Advantage Plus 6476.

Garantia do vendedor: 30 dias",HP,Ink Advantage,667,Unidade,2 mL,120,Original,1,2025-06-15 04:46:36
26,27,https://produto.mercadolivre.com.br/MLB-2685026197-2x-cartucho-tinta-preto-original-hp-667-2376-2774-6476-_JM#polycard_client=search-nordic&position=40&search_layout=grid&type=item&tracking_id=e1e71e81-fbe3-4cc2-8503-adaaeba0492a&wid=MLB2685026197&sid=search,2x Cartucho Tinta Preto Original Hp 667 2376 2774 6476 ,147.99,4.7,431,OBERO INFORMATICA,"*** REVENDEDOR OFICIAL HP BRASIL***

Descrição .

Características do Produto :

Imprima seus documentos todos os dias com alta qualidade garantida a um preço acessível com cartuchos de tinta HP originais de baixo custo, projetados com proteção contra fraude e alertas de pouca tinta o que lhe oferece um desempenho sem preocupações e resultados consistentes.

Especificações :

Cartucho HP 667 preto
Rendimento: 120 páginas ( com cobertura de 5% ) .

Impressoras e Multifuncionais Compatíveis:

Compatibilidade
Serie Deskjet Ink Advantage 2300
- Deskjet Ink Advantage 2374
- Deskjet Ink Advantage 2375
- Deskjet Ink Advantage 2376
Serie Deskjet Ink Advantage 2700
- Deskjet Ink Advantage 2774
- Deskjet Ink Advantage 2775
- Deskjet Ink Advantage 2776
- Deskjet Ink Advantage 6476
Serie DeskJet Plus Ink Advantage série 6000
Serie DeskJet Plus Ink Advantage série 6400
Serie Deskjet Ink Advantage 1200
Serie DeskJet Ink Advantage 4100



02 cartucho tinta original hp 667 na cor preta .",HP,,667 preto 2376 2776 Deskjet Ink Advantage 2376 - Deskjet Ink Advantage 2776 Deskjet Ink Advantage 6476,kit com 02 cartuchos,2 mL,100,Original,1,2025-06-15 04:46:43
27,28,https://produto.mercadolivre.com.br/MLB-2685026226-kit-cartucho-hp-667-preto-hp-667-colorido-originais-_JM#polycard_client=search-nordic&position=41&search_layout=grid&type=item&tracking_id=e1e71e81-fbe3-4cc2-8503-adaaeba0492a&wid=MLB2685026226&sid=search,Kit Cartucho Hp 667 Preto + Hp 667 Colorido Originais ,153.1,4.6,91,OBERO INFORMATICA,"Tenha em sua casa ou em seu escritório os cartuchos originais Hp 667 preto e Hp 667 colorido, com o kit você imprime até 200 paginas. Garanta as melhores impressões para seus trabalhos, imprima suas fotos com a qualidade que dura até 100 anos.

Veja quais modelos de impressoras utilizam este modelo.

Hp deskjet 1275, deskjet 2374, deskjet 2375, deskjet 2376 deskjet 2775 deskjet 2776 deskjet ink advantage Plus 6475 e deskjet ink advantage Plus 6476

Aguardamos sua Compra !",HP,,667,Unidade,2 mL,100,Original,1,2025-06-15 04:46:48
28,29,https://produto.mercadolivre.com.br/MLB-3670234132-kit-com-2-cartuchos-hp-667-preto-original-envio-imediato-_JM#polycard_client=search-nordic&position=42&search_layout=grid&type=item&tracking_id=e1e71e81-fbe3-4cc2-8503-adaaeba0492a&wid=MLB3670234132&sid=search,Kit Com 2 Cartuchos Hp 667 Preto Original Envio Imediato,146.57,4.7,73,vanvan,"Descrição:

Características do Produto

Imprima seus documentos todos os dias com alta qualidade garantida a um preço acessível com cartuchos de tinta HP originais de baixo custo, projetados com proteção contra fraude e alertas de pouca tinta o que lhe oferece um desempenho sem preocupações e resultados consistentes.

Especificações

Cartucho HP 667

Rendimento: 100 páginas*

* em modo rascunho com 5% de cobertura do papel

Impressoras e Multifuncionais Compatíveis: Deskjet Ink Advantage 2376; Deskjet Ink Advantage 2776; Deskjet Ink Advantage 6476",HP,,667,Kit,2 mL,,Original,1,2025-06-15 04:46:53
29,30,https://www.mercadolivre.com.br/kit-cartucho-hp-664-preto-e-hp-664-colorido/p/MLB36751072#polycard_client=search-nordic&searchVariation=MLB36751072&wid=MLB4020435573&position=5&search_layout=grid&type=product&tracking_id=e1e71e81-fbe3-4cc2-8503-adaaeba0492a&sid=search,Kit Cartucho Hp 664 Preto E Hp 664 Colorido,153.1,4.7,"3,303",OBERO INFORMATICA,"KIT DE CARTUCHOS DE TINTA HP ORIGINAL 664 PRETO E COLORIDO

1 Cartucho HP 664 preto + 1 Cartucho HP 664 Color

ESPECIFICAÇÕES:
- Desempenho: Até 120 páginas
- Compatibilidade:
HP DeskJet 1110
HP DeskJet 1115
HP DeskJet 2130
HP DeskJet 2134
HP DeskJet 2135
HP DeskJet 2136
HP Deskjet 2674
HP Deskjet 2675
HP Deskjet 2676
HP DeskJet 3630
HP DeskJet 3636
HP OfficeJet 3830
HP Deskjet Ink Advantage 3776
HP Deskjet Ink Advantage 3786
HP Deskjet Ink Advantage 3788
HP Deskjet Ink Advantage 3790
HP Deskjet Ink Advantage 3836
HP Deskjet Ink Advantage 4536
HP Deskjet Ink Advantage 4676
HP DeskJet Ink Advantage 5076
HP DeskJet Ink Advantage 5276

- Cor: Preto
- Tipo de Desempenho: Padrão
- Conteúdo da Embalagem: Cartucho novo de tinta HP original

CARACTERÍSTICAS DO PRODUTO:
Obtenha a qualidade da HP que você conhece e confia. Imprima documentos todos os dias com texto e imagens nítidas e os custos de impressão acessíveis com os cartuchos originais HP. Imprima bordas perfeitas em textos e em gráficos, usando Cartuchos Originais HP. Qualidade impressionante de texto e imagens para desfrutar de documentos e fotos.
Média baseada em ISO / IEC 24711 ou na metodologia de teste HP e impressão contínua. O desempenho real varia consideravelmente com base no conteúdo das páginas impressas e outros fatores.",HP,Advantage,664,Kit,2 mL,100,Original,1,2025-06-15 04:47:01
30,32,https://www.mercadolivre.com.br/kit-cartucho-hp-667-preto-e-667-colorido-2376-2776/p/MLB39019456#polycard_client=search-nordic&searchVariation=MLB39019456&wid=MLB4087001897&position=6&search_layout=grid&type=product&tracking_id=e1e71e81-fbe3-4cc2-8503-adaaeba0492a&sid=search,Kit Cartucho Hp 667 Preto E 667 Colorido 2376 2776,136.0,4.7,189,GUINDINHAPAPELARIA202212192153,"KIT CONTENDO: 01 CARTUCHO HP 667 PRETO E 01 HP 667 COLORIDO

DESEMPENHO:
CARTUCHO HP 667 PRETO: 120 PÁGINAS
CARTUCHO HP 667 TRICOLOR: 100 PÁGINAS

Compatibilidade:
Cartucho compatível com as impressoras HP Deskjet Ink Advantage 1275;
2374;
2375;
2376;
2774;
2776;
2874;
6476.

Imprima fotos e documentos de alta qualidade com cartuchos de tinta HP, que ajudam a garantir resultados consistentes.

- Desenvolvido para oferecer desempenho ótimo desde o primeiro uso
- Produza impressões duradouras e resistentes à descoloração
- Otimize a impressão e minimize desperdícios de papel, tinta e energia
- Contribua para a economia circular e colabore com o processo de reciclagem da HP

Média aproximada com base na metodologia de teste ISO / IEC 24711 ou HP e impressão contínua. O desempenho real varia de acordo com o conteúdo das páginas impressas e outros fatores.",HP,Advantage,667,Kit,4 mL,120,Original,1,2025-06-15 04:47:14
31,33,https://www.mercadolivre.com.br/cartucho-de-tinta-hp-667-kit-preto-e-colorido/p/MLB38766141#polycard_client=search-nordic&searchVariation=MLB38766141&wid=MLB5383767248&position=14&search_layout=grid&type=product&tracking_id=e1e71e81-fbe3-4cc2-8503-adaaeba0492a&sid=search,Cartucho De Tinta Hp 667 Kit Preto E Colorido,159.0,4.8,206,COMERCIAL H10,"Características do Produto
Imprima seus documentos todos os dias com alta qualidade garantida a um preço acessível com cartuchos de tinta HP originais de baixo custo, projetados com proteção contra fraude e alertas de pouca tinta o que lhe oferece um desempenho sem preocupações e resultados consistentes.

Especificações

Cartuchos HP 667 Preto e 667 Colorido
Rendimento: 120 páginas (Preto) | 100 Páginas (Colorido)

Compatibilidade

Deskjet Ink Advantage 2376
Deskjet Ink Advantage 2774
Deskjet Ink Advantage 2776
Deskjet Ink Advantage 6476

Quantidade de tinta: 2ML de tinta em ambos os cartuchos (Preto e Colorido)
 
Conteúdo da embalagem:
- 01 Cartucho Novo Original HP 667 Preto (Black)
- 01 Cartucho Novo Original HP 667 Colorido (Color)",HP,Ink Advantage,667,Kit,4 mL,100,Original,1,2025-06-15 04:47:21
32,34,https://produto.mercadolivre.com.br/MLB-2685019645-cartucho-de-tinta-hp-667-colorido-advantage-original-_JM#polycard_client=search-nordic&position=44&search_layout=grid&type=item&tracking_id=e1e71e81-fbe3-4cc2-8503-adaaeba0492a&wid=MLB2685019645&sid=search,Cartucho De Tinta Hp 667 Colorido Advantage Original,72.9,5.0,7,OBERO INFORMATICA,"Descrição do produto:

Apresentamos o Cartucho de Tinta HP 667 Colorido Advantage Original, perfeito para aproveitar ao máximo sua impressora HP e obter resultados de alta qualidade. Com este cartucho de tinta original HP, você terá a confiança de imprimir fotos e documentos com cores vibrantes e precisas.

Desenvolvido para garantir resultados consistentes, o Cartucho de Tinta HP 667 oferece um rendimento de até 100 páginas coloridas, permitindo que você conclua facilmente seus projetos sem preocupações. Além disso, os alertas precisos ajudam a evitar ficar sem tinta no momento mais inoportuno.

A tecnologia de impressão a jato de tinta garante que suas impressões sejam nítidas e com cores intensas, proporcionando documentos atraentes e de alta qualidade. Com capacidade de 2 ml, este cartucho oferece desempenho confiável e resultados impressionantes.

Compatível com as impressoras HP Deskjet Ink Advantage 2376, 2776 e 6476, o Cartucho de Tinta HP 667 é a escolha ideal para quem busca qualidade e durabilidade em suas impressões.

Além disso, oferecemos envio ágil para as compras realizadas durante o expediente comercial, com postagem até as 15:00 no mesmo dia após a confirmação do pagamento. Você também pode contar com produtos autênticos, acompanhados de nota fiscal, garantindo a procedência e qualidade.

Com uma garantia total de 90 dias contra defeitos de fabricação, você tem a tranquilidade de adquirir um produto confiável e duradouro. E não se preocupe com a validade, pois o Cartucho de Tinta HP 667 não possui prazo de validade enquanto estiver em uso, permitindo que você aproveite ao máximo cada impressão.

Invista no Cartucho de Tinta HP 667 Colorido Advantage Original e tenha a certeza de obter impressões excepcionais em suas atividades diárias. Garanta resultados impressionantes, cores vibrantes e a qualidade que apenas os cartuchos originais HP podem oferecer.

*Imagens meramente ilustrativas.

Garantia do vendedor: 3 meses",HP,Advantage,667 Colorido - Modelos 2376 2776 Deskjet Ink Advantage 2376 - Deskjet Ink Advantage 2776 Deskjet Ink Advantage 6476,Unidade,2 mL,100,Original,1,2025-06-15 04:47:28
33,36,https://produto.mercadolivre.com.br/MLB-3295749445-kit-cartucho-tinta-original-hp-667-pretocolorido-2376-2774-_JM#polycard_client=search-nordic&position=46&search_layout=grid&type=item&tracking_id=e1e71e81-fbe3-4cc2-8503-adaaeba0492a&wid=MLB3295749445&sid=search,Kit Cartucho Tinta Original Hp 667 Preto/colorido 2376 2774,167.1,4.8,423,Park Ecom,"PARK ECOM, LOJA OFICIAL DO MERCADO LIVRE.
APROVEITE AS MELHORES CONDIÇÕES DE COMPRA COM ENVIO FULL!

--- QUALIDADE GARANTIDA.

--- PRODUTO NOVO.

--- EMITIMOS NOTA FISCAL PARA PESSOA FÍSICA E JURÍDICA.

--- GARANTIA CONTRA DEFEITOS DE FABRICAÇÃO.

KIT CONTENDO: 01 CARTUCHO HP 667 PRETO E 01 HP 667 COLORIDO ORIGINAL

DESEMPENHO:
CARTUCHO HP 667 PRETO: 120 PÁGINAS
CARTUCHO HP 667 TRICOLOR: 100 PÁGINAS

***PREZADO CLIENTE, ANTES DE CONFIRMAR A COMPRA, VERIFICAR A COMPATIBILIDADE DO CARTUCHO PARA SUA IMPRESSORA. NÃO TROCAMOS CARTUCHOS VIOLADOS POR ERRO DE COMPRA.

Compatibilidade:
Cartucho Compatível com as impressoras:
HP Deskjet Ink Advantage 1275;
2374;
2375;
2376;
2774;
2776;
2874;
6476.

Aproveite ao máximo sua impressora HP e também sua tinta. Imprima todas as fotos e documentos de alta qualidade que precisar usando os cartuchos de tinta originais HP, que ajudam a garantir que sua impressora HP ofereça os resultados consistentes que você espera.

Ajude a garantir as melhores impressões possíveis na escola, em casa e no trabalho com cartuchos HP desenvolvidos e testados com sua impressora HP e projetados para oferecer impressões consistentemente excepcionais.

- Desenvolvido para oferecer desempenho ótimo desde o primeiro uso
- Produza impressões duradouras e resistentes à descoloração de fotos e documentos que poderão ser apreciados por gerações.
- Otimize a impressão e minimize desperdícios de papel, tinta e energia
- Ao optar pelas tintas originais da HP, você contribui para a economia circular e colabora com o processo de reciclagem da HP, que permite que os produtos tenham uma nova chance de vida.

Média aproximada com base na metodologia de teste ISO / IEC 24711 ou HP e impressão contínua. O desempenho real varia consideravelmente de acordo com o conteúdo das páginas impressas e outros fatores.

Qualquer dúvida entre em contato conosco. Estamos à disposição! :)

Garantia do vendedor: 3 meses",HP,Advantage,667 2774 Deskjet Ink Advantage 2376; Deskjet Ink Advantage 2776 Deskjet Ink Advantage 6476,Unidade,2 mL,100,Original,1,2025-06-15 04:47:40
34,37,https://produto.mercadolivre.com.br/MLB-3201775232-cartucho-hp-667-preto-original-3ym79ab-2376-2774-2776-6476-_JM#polycard_client=search-nordic&position=47&search_layout=grid&type=item&tracking_id=e1e71e81-fbe3-4cc2-8503-adaaeba0492a&wid=MLB3201775232&sid=search,Cartucho Hp 667 Preto Original 3ym79ab 2376 2774 2776 6476,78.98,4.7,30,SARAIVA COMERCIO,"Características do Produto:

Volume de páginas impressas: até 120 páginas.
Impressões que funcionam todas as vezes. Cartuchos projetados para alto rendimento. Impressões resistentes à água e que não desbotam com o tempo. Cores mais vibrantes e nítidas. Com Tecnologia anti curvas. Fotos e documentos que duram mais de 50 anos sem perder a cor e a qualidade. Resultados superiores da primeira à última página, sem obstruções ou impressões com bandas. Impressão sustentável, os cartuchos HP originais são feitos com até 50% de material reciclado.
Compatíveis com a nova geração de impressoras Deskjet Ink Advantage da HP, que contempla as impressoras:

DESKJET INK ADVANTAGE 1275;
DESKJET INK ADVANTAGE 2374;
DESKJET INK ADVANTAGE 2375;
DESKJET INK ADVANTAGE 2376;
DESKJET INK ADVANTAGE 2774;
DESKJET INK ADVANTAGE 2775;
DESKJET INK ADVANTAGE 2776;
DESKJET INK ADVANTAGE 2874;
HP Deskjet Ink Advantage Plus 6475;
HP Deskjet Ink Advantage Plus 6476.

Produto novo, 100% Original, lacrado, com nota fiscal, envio rápido.

1 (um) Cartucho de Tinta HP 667 3YM79AL Preto / 2ml

Garantia do vendedor: 3 meses",HP,Ink Advantage,Impressoras 2774 2874 1275 2374 2375 2775 6475 - 3YM79AB,Unidade,2 mL,120,Original,1,2025-06-15 04:47:46
35,38,https://produto.mercadolivre.com.br/MLB-3617476011-kit-cartucho-hp-667-preto-e-colorido-original-1200-2300-2700-_JM#polycard_client=search-nordic&position=48&search_layout=grid&type=item&tracking_id=e1e71e81-fbe3-4cc2-8503-adaaeba0492a&wid=MLB3617476011&sid=search,Kit Cartucho Hp 667 Preto E Colorido Original 1200 2300 2700,174.9,4.7,27,RFGINFO,"Adquira para sua impressora a melhor tinta de impressão do mercado! Com impressões inteligentes, que proporcionam excelente desempenho do início ao fim do insumo. Confira mais detalhes do produto abaixo:

Kit Cartucho de Tinta HP 667 Preto + HP 667 Colorido Advantage Original

1 (um) Cartucho de tinta HP 667 Preto Advantage Original - 3YM79AL
1 (um) Cartucho de Tinta HP 667 Colorido Advantage Original - 3YM78AL

Compatíveis com a nova geração de impressoras Deskjet Ink Advantage da HP, que contempla as impressoras:

DESKJET INK ADVANTAGE 2376;
DESKJET INK ADVANTAGE 2776
DESKJET INK ADVANTAGE 2775
DESKJET INK ADVANTAGE 2774
DESKJET INK ADVANTAGE 2375
DESKJET INK ADVANTAGE 2374
DESKJET INK ADVANTAGE 1275
HP Deskjet Ink Advantage Plus 6475
HP Deskjet Ink Advantage Plus 6476

Cartucho hp deskjet ink advantage 2774
Cartucho para impressora hp 2774
Cartucho para impressora hp 2774
Impressora hp 2774 cartucho

Diferenciadores:

Impressões que funcionam todas as vezes. Cartuchos projetados para alto rendimento.
Impressões resistentes à água e que não desbotam com o tempo.
Cores mais vibrantes e nítidas. Com Tecnologia anti curvas.
Fotos e documentos que duram mais de 50 anos sem perder a cor e a qualidade.
Resultados superiores da primeira à última página, sem obstruções ou impressões com bandas.

Segurança e Observação:
Garantimos o total respeito ao consumidor. Prestamos um atendimento ágil e rápido. Em caso de devoluções ou problemas com o produto, entrem em contato imediatamente conosco para que possamos analisar o caso mais breve possível.

• Os cartuchos anunciados além de originais e lacrados nas caixas, estão prontos para uso.

• Dúvidas freqüentes:
• Os produtos são novos? R: Sim, todos os produtos são novos e lacrados.
• A mercadoria está disponível à pronta entrega? R: Sim, trabalhamos com produtos em estoque.

Garantia do vendedor: 7 dias",HP,Advantage,667,Kit,4 mL,120,Original,1,2025-06-15 04:47:53
36,39,https://produto.mercadolivre.com.br/MLB-3208180972-kit-2-cartucho-hp-667-667xl-deskjet-2776-preto-_JM#polycard_client=search-nordic&position=49&search_layout=grid&type=item&tracking_id=e1e71e81-fbe3-4cc2-8503-adaaeba0492a&wid=MLB3208180972&sid=search,Kit 2 Cartucho Hp 667 667xl Deskjet 2776 Preto,193.9,4.4,463,Park Ecom,"PARK ECOM, LOJA OFICIAL DO MERCADO LIVRE.
APROVEITE AS MELHORES CONDIÇÕES DE COMPRA COM ENVIO GRÁTIS A PARTIR DE 79,00!

--- QUALIDADE GARANTIDA.

--- PRODUTO NOVO.

--- EMITIMOS NOTA FISCAL PARA PESSOA FÍSICA E JURÍDICA.

--- GARANTIA CONTRA DEFEITOS DE FABRICAÇÃO.

ANÚNCIO CONTENDO: 02 CARTUCHOS HP 667XL PRETO

DESEMPENHO:
CARTUCHO HP 667XL PRETO: ATÉ 480 PÁGINAS (com base na cobertura de 5% da página)

VOLUME DE TINTA EM CADA CARTUCHO PRETO: 8,5ml

***PREZADO CLIENTE, ANTES DE CONFIRMAR A COMPRA, VERIFICAR A COMPATIBILIDADE DO CARTUCHO PARA SUA IMPRESSORA. NÃO TROCAMOS CARTUCHOS VIOLADOS POR ERRO DE COMPRA.***

Compatibilidade:
Cartucho Compatível com as impressoras:
HP Deskjet Ink Advantage 1275, 2374, 2375, 2376,2774,2776, 2874, 6476.

Aproveite ao máximo sua impressora HP e também sua tinta. Imprima todas as fotos e documentos de alta qualidade que precisar usando os cartuchos de tinta originais HP, que ajudam a garantir que sua impressora HP ofereça os resultados consistentes que você espera.

Ajude a garantir as melhores impressões possíveis na escola, em casa e no trabalho com cartuchos HP desenvolvidos e testados com sua impressora HP e projetados para oferecer impressões consistentemente excepcionais.

- Desenvolvido para oferecer desempenho ótimo desde o primeiro uso
- Produza impressões duradouras e resistentes à descoloração de fotos e documentos que poderão ser apreciados por gerações.
- Otimize a impressão e minimize desperdícios de papel, tinta e energia
- Ao optar pelas tintas originais da HP, você contribui para a economia circular e colabora com o processo de reciclagem da HP, que permite que os produtos tenham uma nova chance de vida.

Média aproximada com base na metodologia de teste ISO / IEC 24711 ou HP e impressão contínua. O desempenho real varia consideravelmente de acordo com o conteúdo das páginas impressas e outros fatores.

Qualquer dúvida entre em contato conosco. Estamos à disposição! :)

Garantia do vendedor: 3 meses",HP,Advantage,667 XL 2376 667XL 2776 2774,Kit,8 mL,300,Original,1,2025-06-15 04:48:00
37,40,https://produto.mercadolivre.com.br/MLB-3389954163-cartucho-667-hp-preto-original-1275-2374-2376-2775-6476-_JM#polycard_client=search-nordic&position=50&search_layout=grid&type=item&tracking_id=e1e71e81-fbe3-4cc2-8503-adaaeba0492a&wid=MLB3389954163&sid=search,Cartucho 667 Hp Preto Original  1275 2374  2376 2775  6476,66.9,4.6,19,vanvan,"Imprima os documentos e as fotos de alta qualidade que você precisa por um ótimo valor. Com cartuchos com preço muito acessível, obtenha tinta HP original por um preço acessível, além de resultados confiáveis e consistentes de cartuchos projetados com a impressora HP.
Aproveite as vantagens da qualidade premium original HP a um custo acessível.

Cause uma boa impressão com os cartuchos de tinta originais HP, projetados para proporcionar texto nítido e preciso.

Imprima até duas vezes mais páginas em preto e em cores com os cartuchos de tinta originais HP de alto rendimento opcionais.[1]

Conte com os cartuchos de tinta originais HP para obter desempenho de impressão. Ajude a garantir impressões nítidas e intensas em casa, na escola e no trabalho com cartuchos desenvolvidos e testados com a impressora HP e projetados para facilitar o uso.
Escolha cartuchos de tinta originais HP especialmente desenvolvidos para funcionar com sua impressora HP.

Conclua facilmente seus projetos. Alertas de baixo nível de tinta podem ajudar a garantir que você não fique sem tinta na hora errada.

Economize tempo com o app HP Smart. Saiba quando a tinta estiver acabando e compre mais sem complicações, diretamente no seu smartphone.[3]

As tintas originais HP foram projetadas para ajudá-lo a imprimir com eficiência, sem comprometer a qualidade.

Cartuchos originais HP que se encaixam na maneira como você vive, trabalha e imprime. Conte com resultados consistentes de alta qualidade e com a facilidade para repetir o pedido que você espera da HP em casa ou em qualquer lugar.
Os cartuchos originais HP devolvidos por meio do HP Planet Partners nunca são enviados para aterros sanitários, e a HP nunca recarrega nem revende cartuchos originais HP.[4]

Preto
Jato de Tinta Térmico HP
~120 páginas
Cartuchos de tinta de capacidade padrão
O que vem na caixa?
Cartucho de tinta
Hardware compatibility
HP DeskJet Plus Ink Advantage série 6000, HP DeskJet Plus Ink Advantage série 6400, Impressora HP Deskjet Ink Advantage 1200, Multifuncional HP Deskjet Ink Advantage 2300, Impressora multifuncional HP DeskJet Ink Advantage 2700, Impressora multifuncional HP DeskJet Ink Advantage 4100",HP,Advantage,664,Unidade,2 mL,100,Original,1,2025-06-15 04:48:06
38,41,https://www.mercadolivre.com.br/cartucho-hp-667xl-preto-e-color-02-preto-e-01-colorido/p/MLB38632061#polycard_client=search-nordic&searchVariation=MLB38632061&backend_model=search-backend&wid=MLB4958865268&position=34&search_layout=grid&type=product&tracking_id=e1e71e81-fbe3-4cc2-8503-adaaeba0492a&sid=search,Cartucho Hp 667xl Preto E Color. 02 Preto E 01 Colorido,298.5,4.6,80,Park Ecom,"Anúncio contendo:
03 unidades cartucho HP 667xl (2x Preto e 1x Colorido)

Ficha técnica do produto:

Marca: HP
Modelo: 667XL (3YM81AB)
Cor: Preto
Tecnologia de impressão: Jato de tinta
Capacidade de impressão: até 480 páginas (com base na cobertura de 5% da página)
Compatibilidade: HP DeskJet Ink Advantage 2776, 2777, 2778, 3776, 3777, 3778, 3779, 5275, 5276, 5278
Dimensões do produto (L x P x A): 11,5 x 3,6 x 11,1 cm
Peso: 0,05 kg

Marca: HP
Modelo: 667XL (3YM80AL)
Cor: Colorido
Tecnologia de impressão: Jato de tinta
Capacidade de impressão: até 400 páginas (com base na cobertura de 5% da página)
Compatibilidade: HP DeskJet Ink Advantage 2776, 2777, 2778, 3776, 3777, 3778, 3779, 5275, 5276, 5278
Dimensões do produto (L x P x A): 11,5 x 3,6 x 11,1 cm
Peso: 0,05 kg",HP,Ink Advantage,667XL,Kit,"8,5 mL",300,Original,1,2025-06-15 04:48:13
39,42,https://produto.mercadolivre.com.br/MLB-3670221466-cartucho-de-tinta-hp-667xl-85ml-preto-advantage-original-_JM#polycard_client=search-nordic&position=51&search_layout=grid&type=item&tracking_id=e1e71e81-fbe3-4cc2-8503-adaaeba0492a&wid=MLB3670221466&sid=search,"Cartucho De Tinta Hp 667xl 8,5ml Preto Advantage Original",195.2,4.4,22,vanvan,"Aproveite ao máximo sua impressora HP e também sua tinta. Imprima todas as fotos e documentos de alta qualidade que precisar usando os cartuchos de tinta originais HP, que ajudam a garantir que sua impressora HP ofereça os resultados consistentes que você espera.

Conclua facilmente seus projetos. Alertas precisos podem ajudar a garantir que você não fique sem tinta na hora errada.

Crie documentos atraentes com os cartuchos de tinta HP, projetados para oferecer cores intensas e texto nítido e preciso.

- Rendimento Preto 480 paginas
- Tecnologia de impressão: Jato de Tinta
- Capacidade/Rendimento: 8.5 ml

Impressoras Compatíveis:
- HP Deskjet Ink Advantage 1275
- HP Deskjet Ink Advantage 2374
- HP Deskjet Ink Advantage 2375
- HP Deskjet Ink Advantage 2376
- HP Deskjet Ink Advantage 2775
- HP Deskjet Ink Advantage 2776
- HP Deskjet Ink Advantage Plus 6475
- HP Deskjet Ink Advantage Plus 6476",HP,Advantage,667XL,Unidade,"8,5 mL",480,Original,1,2025-06-15 04:48:19
40,43,https://www.mercadolivre.com.br/kit-cartucho-hp-667-667xl-deskjet-2776-preto-e-color/p/MLB36786137#polycard_client=search-nordic&searchVariation=MLB36786137&wid=MLB4020553339&position=25&search_layout=grid&type=product&tracking_id=e1e71e81-fbe3-4cc2-8503-adaaeba0492a&sid=search,Kit Cartucho Hp 667 667xl Deskjet 2776 Preto E Color,329.0,4.3,572,ONDDA DIGITAL,"CARTUCHO HP 667XL | 1 PRETO (3YM81AB) + 1 TRICOLOR (3YM80AL)

O Cartucho HP 667XL é uma excelente escolha para quem busca impressões de alta qualidade em preto e branco. Com uma capacidade de tinta de 8,5 ml, esse cartucho oferece desempenho e durabilidade, sendo uma escolha econômica para uso doméstico ou empresarial.

COMPATIBILIDADE

Cartuchos de Tinta Hp 667XL para uso nas impressoras:

HP DeskJet Plus Ink Advantage 6000 series
HP DeskJet Plus Ink Advantage 6400 series

HP Deskjet Ink Advantage 1200 Printer

HP Deskjet Ink Advantage 2300 All-in-One

HP DeskJet Ink Advantage 2700 All-in-One Printer
HP DeskJet Ink Advantage 4100 All-in-One Printer

HP Deskjet Ink Advantage 1275
HP Deskjet Ink Advantage 2374
HP Deskjet Ink Advantage 2375
HP Deskjet Ink Advantage 2376
HP Deskjet Ink Advantage 2775
HP Deskjet Ink Advantage 2776

HP Deskjet Ink Advantage Plus 6475
HP Deskjet Ink Advantage Plus 6476

ESPECIFICAÇÃO

Marca: HP
Modelo: 667XL Preto (3YM81AB) | 667XL Tricolor (3YM80AL)
Cor da tinta: Preto | Tricolor
Tecnologia de impressão: Jato de tinta térmico
Capacidade de tinta: 8,5ml

BK - Rende aprox. 480 páginas
Color - Rende aprox. 330 páginas

Contém:

1x Cartucho de Tinta HP 667XL (3YM81AB) Preto
1x Cartucho de Tinta HP 667XL (3YM80AB) Tricolor",HP,DeskJet,667XL,Kit,"8,5 mL",480,Original,1,2025-06-15 04:48:26
41,44,https://produto.mercadolivre.com.br/MLB-2788449919-kit-cartucho-hp-667-preto-667-colorido-original-2376-2776-_JM#polycard_client=search-nordic&backend_model=search-backend&position=52&search_layout=grid&type=item&tracking_id=e1e71e81-fbe3-4cc2-8503-adaaeba0492a&wid=MLB2788449919&sid=search,Kit Cartucho Hp 667 Preto + 667 Colorido Original 2376 2776,169.0,5.0,44,informticaponto,"Adquira para sua impressora a melhor tinta de impressão do mercado! Com impressões inteligentes, que proporcionam excelente desempenho do início ao fim do insumo. Confira mais detalhes do produto abaixo:

Kit Cartucho de Tinta HP 667 Preto + HP 667 Colorido Advantage Original

1 (um) Cartucho de tinta HP 667 Preto Advantage Original - 3YM79AL
1 (um) Cartucho de Tinta HP 667 Colorido Advantage Original - 3YM78AL

Compatíveis com a nova geração de impressoras Deskjet Ink Advantage da HP, que contempla as impressoras:

DESKJET INK ADVANTAGE 2376;
DESKJET INK ADVANTAGE 2776
DESKJET INK ADVANTAGE 2775
DESKJET INK ADVANTAGE 2774
DESKJET INK ADVANTAGE 2375
DESKJET INK ADVANTAGE 2374
DESKJET INK ADVANTAGE 1275
HP Deskjet Ink Advantage Plus 6475
HP Deskjet Ink Advantage Plus 6476

Cartucho hp deskjet ink advantage 2774
Cartucho para impressora hp 2774
Cartucho para impressora hp 2774
Impressora hp 2774 cartucho

Diferenciadores:

Impressões que funcionam todas as vezes. Cartuchos projetados para alto rendimento.
Impressões resistentes à água e que não desbotam com o tempo.
Cores mais vibrantes e nítidas. Com Tecnologia anti curvas.
Fotos e documentos que duram mais de 50 anos sem perder a cor e a qualidade.
Resultados superiores da primeira à última página, sem obstruções ou impressões com bandas.

Segurança e Observação:
Garantimos o total respeito ao consumidor. Prestamos um atendimento ágil e rápido. Em caso de devoluções ou problemas com o produto, entrem em contato imediatamente conosco para que possamos analisar o caso mais breve possível.

• Os cartuchos anunciados além de originais e lacrados nas caixas, estão prontos para uso.

• Dúvidas freqüentes:
• Os produtos são novos? R: Sim, todos os produtos são novos e lacrados.
• A mercadoria está disponível à pronta entrega? R: Sim, trabalhamos com produtos em estoque.

Somos a PONTO NET INFORMÁTICA, atuamos há 15 anos oferecendo as melhores oportunidades em toners, impressoras, tintas de recarga e materiais de informática.

Garantia do vendedor: 7 dias",HP,Advantage,Tinta hp 667,Kit,2 mL,,Original,1,2025-06-15 04:48:32
42,45,https://www.mercadolivre.com.br/cartucho-hp-667xl-preto-e-color-03-preto-e-02-colorido/p/MLB47976494#polycard_client=search-nordic&searchVariation=MLB47976494&wid=MLB5350101310&position=32&search_layout=grid&type=product&tracking_id=e1e71e81-fbe3-4cc2-8503-adaaeba0492a&sid=search,Cartucho Hp 667xl Preto E Color. 03 Preto E 02 Colorido,435.9,4.5,477,Park Ecom,"--- QUALIDADE GARANTIDA.

ANÚNCIO CONTENDO: 03 CARTUCHOS HP 667XL PRETO E 02 CARTUCHOS HP 667XL COLORIDO

DESEMPENHO:
CARTUCHO HP 667XL PRETO: ATÉ 480 PÁGINAS (com base na cobertura de 5% da página)
CARTUCHO HP 667XL COLORIDO: ATÉ 330 PÁGINAS (com base na cobertura de 5% da página)

VOLUME DE TINTA NO CARTUCHO PRETO: 8,5ml
VOLUME DE TINTA NO CARTUCHO COLORIDO: 8ml

Compatibilidade:
Cartucho compatível com as impressoras:
HP Deskjet Ink Advantage 1275, 2374, 2375, 2376, 2774, 2776, 2874, 6476.

- Desenvolvido para oferecer desempenho ótimo desde o primeiro uso
- Produza impressões duradouras e resistentes à descoloração de fotos e documentos
- Otimize a impressão e minimize desperdícios de papel, tinta e energia
- Contribui para a economia circular e colabora com o processo de reciclagem da HP

Média aproximada com base na metodologia de teste ISO / IEC 24711 ou HP e impressão contínua. O desempenho real varia consideravelmente de acordo com o conteúdo das páginas impressas e outros fatores.",HP,Advantage,667 XL 2376 667XL 2776 2774,Kit,7 mL,380,Original,1,2025-06-15 04:48:39
43,46,https://produto.mercadolivre.com.br/MLB-3142771512-kit-2-cartuchos-tinta-preta-hp-667-original-1275-2374-2375-_JM#polycard_client=search-nordic&position=53&search_layout=grid&type=item&tracking_id=e1e71e81-fbe3-4cc2-8503-adaaeba0492a&wid=MLB3142771512&sid=search,Kit 2 Cartuchos Tinta Preta Hp 667 Original 1275 2374 2375,179.2,4.8,92,SARAIVA COMERCIO,"Kit 2 Cartuchos de Tinta Hp 667 Preta 3YM79AL 1275 2374 2375 2376 2775 2776 6475 6476

Acompanha

- 2 Cartuchos Preto 667
- Rendimento em Preto 120 paginas por cartucho
- Tecnologia de impressão: Jato de Tinta
- Capacidade/Rendimento: 2 ml cada

Compatíveis com a nova geração de impressoras Deskjet Ink Advantage da HP, que contempla as impressoras:

DESKJET INK ADVANTAGE 1275;
DESKJET INK ADVANTAGE 2374;
DESKJET INK ADVANTAGE 2375;
DESKJET INK ADVANTAGE 2376;
DESKJET INK ADVANTAGE 2774;
DESKJET INK ADVANTAGE 2775;
DESKJET INK ADVANTAGE 2776;
DESKJET INK ADVANTAGE 2874;
HP Deskjet Ink Advantage Plus 6475;
HP Deskjet Ink Advantage Plus 6476.

Produto novo, 100% Original, lacrado, com nota fiscal, envio rápido.

Garantia do vendedor: 3 meses",HP,,Impressoras 2774 2874 2376 2775 2776 6475 6476 - 3YM79AB,Kit,4 mL,220,Original,1,2025-06-15 04:48:46
44,47,https://www.mercadolivre.com.br/cartucho-tinta-tricolor-667xl-hp/p/MLB22653316#polycard_client=search-nordic&searchVariation=MLB22653316&wid=MLB5151202986&position=30&search_layout=grid&type=product&tracking_id=e1e71e81-fbe3-4cc2-8503-adaaeba0492a&sid=search,Cartucho Tinta Tricolor 667xl Hp,130.58,4.5,82,TECNO EKN,,HP,DesignJet,667XL,Unidade,8 mL,330,Original,1,2025-06-15 04:48:53
45,48,https://www.mercadolivre.com.br/kit-com-2-cartuchos-hp-667-preto-imediato/p/MLB51185641#polycard_client=search-nordic&searchVariation=MLB51185641&wid=MLB5432446438&position=27&search_layout=grid&type=product&tracking_id=e1e71e81-fbe3-4cc2-8503-adaaeba0492a&sid=search,Kit Com 2 Cartuchos Hp 667 Preto Imediato,159.9,4.8,96,THAISAGUIARDASILVASILVA,"O Kit com 2 Cartuchos HP 667 Preto é a escolha ideal para quem busca qualidade e eficiência na impressão. Com tinta pigmentada, proporciona resultados nítidos e vibrantes, garantindo que cada página impressa atenda aos mais altos padrões de clareza.

Desenvolvido para ser totalmente compatível com impressoras HP, este kit possui uma cor de tinta que se destaca, ideal para documentos e gráficos. O volume de 2 mL por cartucho maximiza seu rendimento, permitindo a impressão de um número significativo de páginas.

A praticidade de adquirir dois cartuchos em um único kit aumenta não apenas a conveniência, mas também a produtividade no seu dia a dia. Com a entrega imediata, você poderá reabastecer rapidamente sua impressora e manter suas atividades em pleno funcionamento sem interrupções.

Escolha o Kit com 2 Cartuchos HP 667 Preto e experimente um desempenho superior em suas impressões. A satisfação garantida está na qualidade da tinta que oferece resultados consistentes que se alinham com suas necessidades diárias de impressão.",HP,,667,Kit,2 mL,,Original,1,2025-06-15 04:48:58
46,49,https://www.mercadolivre.com.br/cartucho-hp-667-xl-black-original/up/MLBU1436486297#polycard_client=search-nordic&searchVariation=MLBU1436486297&wid=MLB2940953349&position=23&search_layout=grid&type=product&tracking_id=e1e71e81-fbe3-4cc2-8503-adaaeba0492a&sid=search,Cartucho Hp 667 Xl Black Original,143.91,4.5,236,TECNO EKN,"Cartucho original HP 667 XL (alto rendimento)
Para quem busca mais rendimento e qualidade.
Recomendado para uso nas maquinas:
1275 / 2374 / 2375 / 2376 / 2775 / 2776 / 6475 / 6476

• Informações Legais:

Marcas e Modelos são citados apenas para melhor compreensão dos clientes e como referência técnica para utilização correta dos produtos. Decorre de necessidade legal, além de ser previsto em lei que não pode haver impedimento para tal, conforme o Art. 31 do Código de Defesa do Consumidor (Lei nº. 8.078/90) e Art. 132, inciso II, da Lei da Propriedade Industrial (nº. 9.279/96), que são leis federais e seguem transcritos tais dispositivos:

Art. 31 do CDC (Lei nº. 8.078/90): “A oferta e apresentação de produtos e serviços devem assegurar informações corretas, claras, precisas, ostensivas e em língua portuguesa sobre suas características, qualidade, quantidade, composição, preço, garantia, prazos de validade e origem, entre outros dados, bem como sobre os riscos que apresentem à saúde e segurança dos consumidores.”

Art. 132, inciso II da LPI (nº. 9.279/96): O titular da marca não poderá: (...) II- impedir que fabricantes de acessórios utilizem a marca para indicar a destinação do produto, desde que obedecidas ás práticas leais de concorrência”.

The brands cited in the ad belong to their respective manufacturers. Only mentioned as references for the correct use of the product, as Article 31 of the Act: 8078 of 11.09.1990.

Rendimento médio informado conforme Norma ISO/IEC 19752.

Imagens meramente ilustrativas.

Garantia do vendedor: 7 dias",HP,DesignJet,667XL,Unidade,"8,5 mL",,Original,1,2025-06-15 04:49:05
47,50,https://produto.mercadolivre.com.br/MLB-4040793555-cartucho-de-tinta-hp-667-preto-para-2774-2776-2874-original-_JM#polycard_client=search-nordic&position=54&search_layout=grid&type=item&tracking_id=e1e71e81-fbe3-4cc2-8503-adaaeba0492a&wid=MLB4040793555&sid=search,Cartucho De Tinta Hp 667 Preto Para 2774 2776 2874 Original,78.0,4.0,1 avaliação,LOJAS MAFER,"Somos loja física interior SP, com mais de 15anos de tradição atendendo os clientes, sempre, com a melhor atenção, gratidão, profissionalismo e respeito. Confira nossas ofertas, as melhores no preço, qualidade e segurança!

Qualificações positivas, garantia e segurança de quem já tem 15 anos no mercado! Produtos com Nota Fiscal e Procedência! ENTREGAMOS EM TODO BRASIL!

ENVIO IMEDIATO POR TRANSPORTADORA - CORREIOS


TUDO PREPARADO COM CARINHO E QUALIDADE PARA VOCÊ!

Ficou com alguma duvida? Faça-nos uma pergunta, estaremos sempre a disposição!

Boas compras!!

Impressões que te enchem de orgulho

Cartucho Tinta HP 667 Preto Original
Escolha sempre Suprimentos Originais HP.
Projetado para sempre imprimir perfeitamente

Escolha Cartuchos de Tinta HP Originais, projetados para confiabilidade e consistência assim que saem da caixa¹.



Compatibilidade
HP DeskJet Plus Ink Advantage 6000 series, HP DeskJet Plus Ink Advantage 6400 series, HP Deskjet Ink Advantage 1200 Printer, HP Deskjet Ink Advantage 2300 All-in-One, HP DeskJet Ink Advantage 2700 All-in-One Printer, HP DeskJet Ink Advantage 4100 All-in-One Printer, HP DeskJet Ink Advantage 2874 All-in-One Printer


Desempenho
Até 120 páginas

Mantenha suas memórias vivas

Transforme seus momentos mais importantes em impressões das quais você pode se orgulhar.


Desempenho
e eficiência

Reduza as reimpressões, economizando papel, tinta e energia.


Design com o planeta em mente

A HP usou cinco bilhões de garrafas plásticas recicladas para fabricar Cartuchos de Tinta HP Originais².


Compatíveis com a nova geração de impressoras Deskjet Ink Advantage da HP, que contempla as impressoras:
DESKJET INK ADVANTAGE 2376;
DESKJET INK ADVANTAGE 2776;
DESKJET INK ADVANTAGE 6476.
Especificações Técnicas
Cor Preto
Rendimento 120 Páginas
Impressora Compatível Deskjet 2376 - 2776 - 6476
Caixa Master 60 Unidades
Informações Técnicas
Procedência 4-Nacional, produzido com PPB
GTIN 193015522466
NCM 84439923
EAN EAN13

Detalhes técnicos
Sku
Sku
3YM79AB
Cartuchos e cabeçotes de impressão
Rendimento
120
Rendimento por página (preto e branco)
~120 páginas
Gota de tinta
17,9 pl
Bocais da cabeça de impressão
328
Banda da cabeça de impressão (polegadas)
0,56 pol
Peso vazio
23,4 g +/- 1 g
Volume do cartucho de impressão
2 ml
Cor (es) dos suprimentos de impressão
Preto
Tipos de tinta
Com pigmentos
Nomes de produtos
Subgrupo de produto
Cartuchos de tinta de capacidade padrão
Geográfico
País de origem
Fabricado na Malásia
Dimensões
Dimensões mínimas (L x P x A)
114,05 x 36,32 x 102,87 mm
Dimensões com embalagem
114,05 x 36,32 x 102,87 mm
Dimensões mínimas (largura x profundidade x altura)
4.49 x 1.43 x 4.05 in
Garantia
Garantia
Os cartuchos de tinta e as cabeças de impressão da HP estão garantidos contra defeitos em materiais e fabricação durante o período da garantia.
Garantia
Os cartuchos de tinta e as cabeças de impressão da HP estão garantidos contra defeitos em materiais e fabricação durante o período da garantia. Esta garantia refere-se ao produto quando usado no dispositivo de impressão designado HP ou autorizado OEM. A HP irá, por própria opção, substituir os produtos cujos defeitos forem comprovados ou reembolsar o valor da compra. Acesse o site de assistência online da HP para obter uma lista de números de telefone de suporte e condições ou devolva o produto no local da compra.
Meio ambiente
Gama de temperaturas de funcionamento
5 a 35 °C
Umidade de armazenamento
8 a 90% de UR
Intervalo de umidade para funcionamento
8 a 85% de UR
Amplitude Térmica de Armazenamento
-40 a 80°C
Conteúdo da embalagem
Conteúdo da caixa
Cartucho de tinta
Compatibilidade
Compatibilidade de hardware
HP DeskJet Plus Ink Advantage série 6000, HP DeskJet Plus Ink Advantage série 6400, Impressora HP Deskjet Ink Advantage 1200, Multifuncional HP Deskjet Ink Advantage 2300, Impressora multifuncional HP DeskJet Ink Advantage 2700, Impressora multifuncional HP DeskJet Ink Advantage 4100
Pesos
Peso
~0,03 kg
Peso com embagem
~0,05 kg
Peso com embagem
~0.1 lb
Especificações da impressora
Tecnologia de impressão
HP Thermal Inkjet",HP,Advantage,667,Unidade,2 mL,100,Original,1,2025-06-15 04:49:12
