id,produto,url,scraped,data_cadastro
1,cartucho hp 667 original,https://click1.mercadolivre.com.br/mclics/clicks/external/MLB/count?a=SnzleDRs6JWWBil8cRXYLdIH2OpvGt%2BnWY5WVGbo4mCqj%2FtJtP7QD9MoNArLFRPhvO7AFon1QOU3%2FGOaRLhcoorUXHSBHryTDK%2B%2Fkv0lkfQGhr1aIwj6GxwzR%2Fsv%2Fz%2BrTY1CYdgVnptjM61omEh1LbM68p72yPi57jLK2QXRBGLhRazdYYjUaIkOhLMvHvD1aySGx7piHwk1JTTXTyZHOuz4SeWOLY744VKC9sl8j8xx5oXLbqyedqcHOWcNyURhGlAAG%2F7J0ultBmEz3%2BpyZVkppWC7WVwe7mseSNUxMOs9s7%2B0CR%2BqNLxpynYv2JAgnMfdwRtx22ecKdFVtr%2BlanhLyWnlZTqFTZsb3jVsVAVK4JuSbT1o56UI1WvBP8on7MylkQg0kIrPDAW00SXkmn1Z7FlGf6Kn6z03TEakKGeuqpiOXDEgxCbyaaZYRA29n1n1qKekjtClfwRrX68XgZTdezaMMcOJ%2BYu7rCUJVbIgJAmJPx3fkIhkQyz4Ia83Uf7UBHt6C%2Bwg6EZutv6um1ENQd64HeodStBZ5vd0H%2BUub01I3KtV1vRExtaesZ4I6f87QoEv4t8UQGK%2Fg30WTjgmRXWY4fYS%2F88C36GGbCbV%2BO3meYdQc3LRmjjwnh5WnB2Q34Mtorpvw4o5sKrklz%2Fxx9faZ1odH12QerCQ07LFG36vWFMiACsVS7w7MREbaN1GpYb8vLFEd5Q4GOneo8HnrRwEv5%2B70LvIpBsHzr1QBoXr3yiNI4%2FRJEOFE4WKBN6ln61cz1lxneJZg1IcSRFX%2B4PdU%2BtSioyg2L1neDPQYISIA%2FsMJRfYk%2BOsgi2HEXj%2BgA8s%2FAhaxDYo0sm6T2jxOFh%2FyCdvsEExsu5JGwZbqRtQonDOvU9IRMlZsdSw%2BZZcfNhdaoCbYixxrH1eTJJEMUBQXV%2B2Ih7nsgquUFjHKh%2FbHtD56zCwgf%2BYxzBsbheyjPeGK1RNtEum7xu8ReG9CCO4qL12uTE1EndryAAm#polycard_client=search-nordic&tracking_id=e1e71e81-fbe3-4cc2-8503-adaaeba0492a&wid=MLB4958865268&sid=search,1,2025-06-15 04:43:11
2,cartucho hp 667 original,https://click1.mercadolivre.com.br/mclics/clicks/external/MLB/count?a=4XCE3WRMziZxftIG466x42ccf5Eate3JY2dxQ%2FTgTs1AYYK6v1VXAYPBUw8%2BdO7CX1zP4GACZ1jf4uoEIg7f0iviQzQlS72MBThgxnBJAKEpBZ9zzqmFlxT0XWM1aXL3kigopG2KjtNiPLhUgNZiWDhoG61Qw1Q2NblUbG8GV5m3K%2BO4LSyfzpaPEgj7LRyR5tK0QqznA756fTll5v0CFCsKWe0VwkAP5I1Hwxt2sRcH3XyGqhfFYzGPFxlmP%2BX%2FwuCP4YQVcDNqql6L5lYKSAZ%2FHE4Pj2uSkATSyLo%2Bo1haaaQpEW7YVmEt%2FxVL%2BoxoFM9DU6n3wDXlUv2Lbp01dnXLsxgkNDNwFjqjJVUmuwLynpMJ2N58a7KmaOUgj5SAs2tGVgaWtycIzlxHCKV3aDc%2BNkWNzEVyTldXxOBC6j65XvKjKZhJtTrms%2FPc5a3WBVkCOCzZr6T2XHBrRuRXM43avPhl6F2bRTD8qkkuc2ae%2Bt%2FGWFAmZs7lHK3YcijKIF5pQchqKtnSxjVd%2B70X%2FoGlGg0ii8QWFvpAGEDNlR%2FqagSQSUZA6%2B7MJZPJo42prbgcGQhKAGZUCZnKMUboRbbfZmAYHHZdVrOBixnU0OzMOGbRaOVCKgbFUROntNYPYNqTQLjZ80Gn2zA7S%2Fhu7l9gLb2F6bixFTfa1KXLH52gAYoat1Iuf6iKf8KwRoOSJYklGxMffh2I4KNkh6GghurSO6ZzjANykw2jNMyYG6jzo7UtE7%2B4L27fbSMIoGxG4dokj9Gb%2BA1VHRKEvQaeSRBART0KRtxBn1XUQnSN%2F17AMSwQqSjYP0GC37VMiqOwqlnNrxmCgbkedh7L2hoBAJnAP0EfNYHObBSnGjs3FCTmyzGFjppcFUaYlEeFrl%2FbcFy%2FWXxU3r1JBesj7L9Zskm1e9XndKwZqGUVK8nNxgnCFesfy659%2F6BsDdNoKsrzOXoWyo%2FVEHkxrdgxczXFZ8Aynw%3D%3D#polycard_client=search-nordic&tracking_id=e1e71e81-fbe3-4cc2-8503-adaaeba0492a&wid=MLB5405826262&sid=search,1,2025-06-15 04:43:11
3,cartucho hp 667 original,https://click1.mercadolivre.com.br/mclics/clicks/external/MLB/count?a=KPThYTKqkmLgtsrH1fBsBCgkz8GlEpsjKWL0DbdEqOCnCc8hk4v%2Be9qErzTRKQx7wcIHqBt%2FS449L%2BDWyr7dihA11iWhh7T5kvhPMltSUvJoGnalFXeDLbYF9swGv233cL%2BEgg7tg3%2BYcUt1CsdoGsG532vg9m1N0uAPh9iW8IU6JYV3FRJhRl9M7UFkP4wtuA9V6NGWopuG%2FbI1cVIkKGmiIZHEZgNK07aIU0evl3bX%2BhTUsHmqQzRbljoFBmjJzHm6cyNRRWa9%2B%2FVKkpx7unRE7p%2BCchP09MaASEwfLNIMeaZK4g6Ae4QNxGuFMonl0ecQrEoQVvKG9duUywuedjBeSUzKYSZjlGDqkE0DcM91VD2vfiGuEMb2weYweZSUXayclqZmHG6xAiWZnR6tdYtDf3qnOqRAjzqqPK5NUc9fKQrtnCCiWDR3WE%2B3sSWVFO6iLTTIGKlQ0Yhek4eFoBIj%2B7G72ZvhobpPdfT%2FLDO1rW1Qb2vqZrUFZAGmHrLpsepqCr9nYmvSg2Kot6mvI3dj4fwLAi1lI5TnPdnQEEvpjNMKsZLK%2FZLqs98PYdlm3ofuSeunPlft6aw8P%2F6Us2QKnYVjRi401SaOVb79qQYCbNc5juCH4cuCZcNupuisq1yQgHdjcsnPgOs9gI3IdvohXICQuidZrU8qUkCySNqxFEvrz7fCz6tj9kgBCmUknL0wRqxO8pQ1%2B9K9cXGzvWFl2Ov5OIG1isG1ZFhn%2BYLtk4%2BQH0dCJSWI2f8XiamLL7n6HM%2Bx3tpbXcqh00bsrpMYpB6Z9yvPIPqWfkJnAuDKCjZi9f5rGzraMjfk2GBbjTRjrdme4ppYGRDWGJeebVYff2S1nh%2BkP0ENKPGgSxcjgFx%2BvMamb1N3kk%2FBAPC0fpRoYUQIeVg3O7%2FhyVApUw8D7iFBdb5a96g0S9gJZHd6pGWggGxaIdzAW5J2Jtp8dB43N6m4O5RK5RdRQ1f0bSZpT%2Bf4yA%3D%3D#polycard_client=search-nordic&tracking_id=e1e71e81-fbe3-4cc2-8503-adaaeba0492a&wid=MLB5293341574&sid=search,1,2025-06-15 04:43:11
4,cartucho hp 667 original,https://www.mercadolivre.com.br/cartucho-hp-667-preto-2376-2776-6476/p/MLB22022306#polycard_client=search-nordic&searchVariation=MLB22022306&wid=MLB3713375243&position=17&search_layout=grid&type=product&tracking_id=e1e71e81-fbe3-4cc2-8503-adaaeba0492a&sid=search,1,2025-06-15 04:43:11
5,cartucho hp 667 original,https://www.mercadolivre.com.br/cartucho-de-tinta-hp-667-deskjet-ink-advantage-cor-preto-e-colorido-do-4-ml-2-unidades/p/MLB36785112#polycard_client=search-nordic&searchVariation=MLB36785112&wid=MLB4678636310&position=16&search_layout=grid&type=product&tracking_id=e1e71e81-fbe3-4cc2-8503-adaaeba0492a&sid=search,1,2025-06-15 04:43:11
6,cartucho hp 667 original,https://www.mercadolivre.com.br/cartucho-hp-667-colorido-3ym78ab/p/MLB22658653#polycard_client=search-nordic&searchVariation=MLB22658653&wid=MLB3897978171&position=8&search_layout=grid&type=product&tracking_id=e1e71e81-fbe3-4cc2-8503-adaaeba0492a&sid=search,1,2025-06-15 04:43:11
7,cartucho hp 667 original,https://www.mercadolivre.com.br/cartucho-de-tinta-hp-667-cor-preto-do-2-ml/p/MLB37141763#polycard_client=search-nordic&searchVariation=MLB37141763&wid=MLB5211173074&position=24&search_layout=grid&type=product&tracking_id=e1e71e81-fbe3-4cc2-8503-adaaeba0492a&sid=search,1,2025-06-15 04:43:11
8,cartucho hp 667 original,https://produto.mercadolivre.com.br/MLB-2685036387-kit-cartucho-tinta-original-hp-667-pretocolorido-2376-2774-_JM#polycard_client=search-nordic&position=36&search_layout=grid&type=item&tracking_id=e1e71e81-fbe3-4cc2-8503-adaaeba0492a&wid=MLB2685036387&sid=search,1,2025-06-15 04:43:11
9,cartucho hp 667 original,https://www.mercadolivre.com.br/cartucho-de-tinta-hp-tricolor-667/p/MLB36752162#polycard_client=search-nordic&searchVariation=MLB36752162&wid=MLB3929212729&position=35&search_layout=grid&type=product&tracking_id=e1e71e81-fbe3-4cc2-8503-adaaeba0492a&sid=search,1,2025-06-15 04:43:12
10,cartucho hp 667 original,https://click1.mercadolivre.com.br/mclics/clicks/external/MLB/count?a=JjNaX9B4PS8RBZ97zchkmIx%2BNAFdtEgUq5aehvbh0izIGCTgu3HaqfSEdCc%2Bi3SjxO8%2FJCXZ1Kmax5rSVDc3lbtITtt7ym0ZTM%2FZC%2B9lMq5J%2B4Uyg2x6qwlFvbarO78iEeOFAGprcgB9xJa4h7xii4WsmPGZeLOzV%2FsKU%2Fl0m9Ycx%2B%2B%2BSuT%2B%2BJ4F5HHxDBiOrEYUwj8KeavB%2FpuYU9zNmpp8xbC7NQ%2BLPxHRzE9S0ABolrYrXWmW0Oy5D%2FHvWsxfkmbghzpkzzsxFs6YNNRyg4lfNxQiQHJGTObDspwhRji8JZYRN6cdKScUkWo908nuoPCHOu09JsCzYnkl4WnTBKF6Uq8FSdMcThhHgDsla0q0UrjuRNEmLrY8DJhrCoLJiprZD%2FxTw1XaYKWRZlSMNxBHua4BEaJ%2BuSy%2B%2BKsa%2FFxH9umW1UZ%2B4Ppnj5yzpkFcW6cmE0iOMTd7tcfows8%2FLaFMw%2FjHA0cQbP5KaG0JUla52N9c6%2F52IocDhLI9zUW5jy64eb8opigAu%2BDkMxbNJafFj4BXz8G47W1rI1fx0ZmGPRiTx0J27obVREyXCnZjy05OporD2kUgAoM%2F0UGaxjYuHYEYoAPYXEoK81%2BEImdnLoLkICSQr9sm19Mb8E5F4ooziFia7MEVk%2BjIrx2qEFPRajmGx6VR1R5j2C3Djh4SxNljdaJS1IM6KsMfe%2FYb7Xu%2FKI6DqzWFsJKJ%2BDdrdFKF%2BDSJo%2FXljq2WxTfr1ZYtfT1pTX9sKKh1bQ9OYLJfdAejn3UaDm5g0%2FhJH%2BB%2BoyvYlakhhrD7o8f%2FtFT649RON%2FwsZQ%2FW8fH7yCcGmOef4GSJWVriM8OzoZrNibawBkokEq7jRDFdYA%3D%3D#polycard_client=search-nordic&tracking_id=e1e71e81-fbe3-4cc2-8503-adaaeba0492a&wid=MLB3208197871&sid=search,1,2025-06-15 04:43:12
11,cartucho hp 667 original,https://click1.mercadolivre.com.br/mclics/clicks/external/MLB/count?a=OKC9fJaw0CyQ3XqX7XcY6dklv7PWzBw0Yc4Cj7%2BEu771gAfgvW4fOX4dZUjkVdJp%2BFy0%2FxsDR9ES3c1tdbWfBNpZ7juJCL2eTevf2R4NqWBxV%2BTX6iwZrThjXE19EPPbOmE%2FQEteqJHu8uyYkBH7JGny6D3Hm0sOg2Voiy1HDWK%2F7P5KWJGxUK%2Bm5GJ2NszO3ri4JZeL7Zz7HzUcS8KEGV7sL78GFAIfwgew06G%2Bdk9C%2BZis2qK0fcuL9CIZNY5sL19znsowIe3NwazuE59SKSX%2F47l1%2BF%2FhLQFylPe044kVAhgc%2BN%2BHTommD%2FQG28AUJkLdoddNsF20AJfs0q5x%2BYTJPEjrmvJFmuGSZgSDpslKhmoCBa%2FKcnF6SOmA1EtgTh2I1frDpE8AAXJVX2bgnADPp3DUuuQHdIb3TPBBpSaT04DljxrfDe4SX%2BWrTztdnMN4j1oXbTuYA%2BCSSpGR5qJPxbmRssxJdDavbu%2FRQoTk9gzjrkoCwbNj23W6tFsRHWY0nMaZKrjeJM3FaZIN97m0Ir3PRKz0hgfwFnFUPQSquiRvnLvCeaTonK8A8T21PzbSE7eWDAMYVewz8sKKZKgKFeIx5OFV3nSprqgRBHlX9avhdvZ8pYV188KCvnTZ9EXJ%2FX9xD7hue%2BgPDvc7AD6E0gqczVDZSR3KhmFlyiamEeu2n0cPs5YoEVH%2BaHFKlgsgXzPELRMv%2FzNiDwNeUyBschbuBizCJcxbjQdvUpkIyakalvvD3LQlIV%2F%2F0gSFjmCu2n4eXxmTpyIV1pBw0NHFNaRa2Y0n1hd53nR2zykhV9UduYGeaGAJFXK98NfKiMM0%2Bjr0TruXLXX6SAnjflq%2BQvE%2FO2u1#polycard_client=search-nordic&tracking_id=e1e71e81-fbe3-4cc2-8503-adaaeba0492a&wid=MLB4400115272&sid=search,1,2025-06-15 04:43:12
12,cartucho hp 667 original,https://click1.mercadolivre.com.br/mclics/clicks/external/MLB/count?a=BzJVkNqXwJGLHXtm9JIL67deAtlywVs3JA5eqZsoNuyUTovb%2BlLm96WAPDQpwD3mEYJ7nR9u1uojnoSZeHSKaDb35ohrKw0vOmv3S8fBwaCcW6FFShE3ZfoHFUEayuA9WiF7Gjp7w1p61b363EFeYnGACF8cCnNC1%2FbxDJr6YOcwhXwo8aNoamrT7hzjQbAnnimpg4f3RIVDODtseAvMixRCCMcA%2FWbjK4KltoWKVpTBCCyIfinnAm92CT%2FFyioFEypwvuOBith6tri%2Fs%2BX5gCm4Kq878f96gFDcz%2B4h0llM4S43xjtLeM%2BuRoz2Hi3ExHTLIo%2BaNO%2FrLzHKiumX2YI7nAjTkbcC%2BVzpsc1jiuW4Ysgrp8yrUFn6N%2FblAOJYhXdmCKHfXUeS1VVriuLFPc21%2Bs3wXQoJAT83qgKVbT4C3j4DWMgTcuyXdT5Mbug8xyuDeguFb%2FfbhgNwJyAHejUFTeCwPvn%2BaAZS8noedTdYwtwiAlrl3zPs%2BHIANBWGLZdRSPHHu%2Bt07OwqePNhtpcLlgUgZxnaKq16PUWayBx9xBLKlMdhhXSFXqrA6oJId3%2FGsWJiB%2FYibBHhXzhnSlcS%2BVchwXTBKbXOQtXzWzHKigrCnDeWo1YAJ8QXn6UAvtDzLZQsgLJThnfLgTDY42j9EH9QvrQK1Xgbn%2F39GhDfGH4CmFG8kIoRZy8rVL3gMt%2F0a2OpBD6z8SMXS1tLVe%2FJu0tjH0ewP52gVxxTeF%2FRGT2AG%2FbYDtwujyVUIZgQZcTOnMWkUZSimwMnESr9N7kDQ5R0vmON0%2Fp7NnxP9Bg%2B0VX%2FMZpL36OtULEgm4kZ3c4zezJzdKfRRSrWGlE4F3Hb73c6xgNHc5Pw2f%2Bu#polycard_client=search-nordic&tracking_id=e1e71e81-fbe3-4cc2-8503-adaaeba0492a&wid=MLB2788449919&sid=search,1,2025-06-15 04:43:12
13,cartucho hp 667 original,https://www.mercadolivre.com.br/cartucho-de-tinta-hp-667-cor-preto-colorido-do-2-ml/p/MLB36840204#polycard_client=search-nordic&searchVariation=MLB36840204&wid=MLB5247041942&position=7&search_layout=grid&type=product&tracking_id=e1e71e81-fbe3-4cc2-8503-adaaeba0492a&sid=search,1,2025-06-15 04:43:12
14,cartucho hp 667 original,https://produto.mercadolivre.com.br/MLB-3837311410-kit-cartuchos-tinta-hp-667-preto-hp-667-color-menor-preco-_JM#polycard_client=search-nordic&position=37&search_layout=grid&type=item&tracking_id=e1e71e81-fbe3-4cc2-8503-adaaeba0492a&wid=MLB3837311410&sid=search,1,2025-06-15 04:43:12
15,cartucho hp 667 original,https://www.mercadolivre.com.br/kit-cartucho-hp-667-667xl-deskjet-2776-preto-e-color-full/p/MLB48152766#polycard_client=search-nordic&searchVariation=MLB48152766&backend_model=search-backend&wid=MLB5370579290&position=26&search_layout=grid&type=product&tracking_id=e1e71e81-fbe3-4cc2-8503-adaaeba0492a&sid=search,1,2025-06-15 04:43:12
16,cartucho hp 667 original,https://www.mercadolivre.com.br/cartucho-de-tinta-hp-667-cor-preto-do-2-ml/p/MLB38358712#polycard_client=search-nordic&searchVariation=MLB38358712&wid=MLB4697490898&position=31&search_layout=grid&type=product&tracking_id=e1e71e81-fbe3-4cc2-8503-adaaeba0492a&sid=search,1,2025-06-15 04:43:12
17,cartucho hp 667 original,https://www.mercadolivre.com.br/cartucho-tinta-tricolor-667-hp/p/MLB22546333#polycard_client=search-nordic&searchVariation=MLB22546333&wid=MLB3750409891&position=15&search_layout=grid&type=product&tracking_id=e1e71e81-fbe3-4cc2-8503-adaaeba0492a&sid=search,1,2025-06-15 04:43:12
18,cartucho hp 667 original,https://www.mercadolivre.com.br/kit-2-cartucho-hp-667-preto-3ym79al-2776-2376-6476/p/MLB43815192#polycard_client=search-nordic&searchVariation=MLB43815192&wid=MLB5196092166&position=18&search_layout=grid&type=product&tracking_id=e1e71e81-fbe3-4cc2-8503-adaaeba0492a&sid=search,1,2025-06-15 04:43:12
19,cartucho hp 667 original,https://click1.mercadolivre.com.br/mclics/clicks/external/MLB/count?a=vYJw9jdsIWJYFksCty3i%2Bw7%2FpE8wZOH3DW0HTxtOI37YR%2BEPLK%2BacS01pZz1ctYjXEZWfQRmw3zVmXo%2Bc1WlfSnraFS2051FjEPd0%2B2WJ1hzrqMb9SSyU6iOoOKIg0tG3%2Bdigj1mMvwIjVPUrQ98ehJOWZOiRSHsZXC%2BS%2BTb4hTe6OgSVOGy4UB7kYtLA2ylDsgAbdW9pcVKjgpby9XhdmXZ%2BMV7ESZPp9vSvwpFoBYenDKgV8GsA3YPU%2BqwzO1o8f97TNCJilOI5lYej0WYTlfNHZcpFU%2BwFQigtre1avLhc5oyEuyGtV7SeC1ItiR4H%2Bp%2FAu%2FjkmK7HGzOEuyPaTn7T%2FnjgYaFet0OpBMatFtcS9CWeL9ytRGPLVRWldFU7f2KAmk5jU%2F6BPFiClw0tHdmcwdf0U7UXFVdF4zRV5C8mBaAR%2Bgp0k6g2a8KYyfx0k2LNUwIdFceh12DydY5Ug0Wlz3t25RpmUQJmsQczIHTpGXeabSi26MdAgOs7gEWwk2zvzR%2BDJMwooRrNa1p6GGNEtkr9JZsi8%2BomLq2yXgDFaU1ZEdpzz69Xe0yiwj%2BYYrn1GvGXs6gXhWGJtkmrO5XjWkIIxPrlbHXG%2Fhljd1Qq%2BLqrO3%2BHoX1BN0Tv5Ua2EV7ihOlsjMcqLCElePi%2BZv1VStkw36EumO4M12%2FHMrc%2Fp%2FWPodFQ7Bs%2FtPx7McWTbqb9AJAkcfb3dXhINr4hbObX22dqAanXUyE5yz%2FKvVkMRDijn4RbRawcSa9hTkysUk79zcD4xeanY2PtUOWOqXicuilaNRK9Dvix1UnSNaOx3Teho4FijnooQFqbYulusHJBELhF47C3fVpSLLR0dv5fN0Tvi9NaBhk4ChXBA%3D%3D#polycard_client=search-nordic&tracking_id=e1e71e81-fbe3-4cc2-8503-adaaeba0492a&wid=MLB1953458246&sid=search,1,2025-06-15 04:43:12
20,cartucho hp 667 original,https://click1.mercadolivre.com.br/mclics/clicks/external/MLB/count?a=lFXl9z3sxcnVwz5JNz7pZumKHKC9nlrn3x4Cc5wo9FZ%2FMZnzu2ENqHB%2Fa4Q1M2QgAiGLOmY70StBWAFMSLmY3HluUh3YaOKHIvnMt2yUuBtCV%2Bo%2F2Zpf%2BIT8Qb040mWccf2VbG90YF3DZu%2Bt1qkhBihXXVvuZtxztnZzaHe0vBkz4%2FHcXRYoUtCtlq5BncGaYYNAjtlih9ta97UJ8LnE5gzpnKoRHrwPx2uLteyAmq8m%2BfyFJNfrgsN8sqXVikROGqxMcfVw5a17yJVGdLSL%2B3KpDWkqp6WysHg6%2FfybL6RTpWpKgkviUmyjVejyIT%2FXoCQ%2Bc7rA9A7GtUIGqm14zdz0TUyIo%2BuIc54C8wQJ9g0wWgyoztjgaqkK6KNe6AHJwlRoZzyyrwhA5P2Y716k8VaevW8B8oZSDeAImO%2B6I4aj0OMSkpOKQJHFqq%2FnbKgcjWacG7YMnwNwK7lxEA31FwL%2FibkoYHCUjKCbVJTZKjxzHDxp7eqDxv0j09vL4w%2FWUMT6GJCNY3JPX8Uqb%2F7kesPVy4KMSqaqnDBR4RLaYldsB3SmsymkBEhID4BlgIHL%2FYX44FjGxVMsGACOt0BvJ1nHcVWa4gdZ89Ey6mC2VrOAYi62AKMCIOjeG263flFon%2Bo4bmbkiHW8WuBy8TYo8oL4SUYjhkpudW%2FIS1D6BsQyKtVS29l2sWTkukvtfOsKazAG7KYNYhDzIF2l%2Fd%2BG5JT22wuxlcjujhf9FniQd4s21Gb5j%2FU26QdczoOz9KYdgHPIP8uWb%2B0PNsbFKUB09xEEuxVNcOnsYw%2F9RQNC5MgDeRAcVgF7abb6u1TfXGN3tkUCZ2BhSPhr4wQovLq%2Bk79cGfEPU%2BaHOpuVNkJUT6AkuoxTnbcpRHKaaf1RXAkEJgHYJ4PhZ9cSKH4s9Z7r73cMyOOLP3emcK9DT1DpC9s5Bh%2BzwVM9tmvTGyMiaquOdlxrTXXq14mYOYU2nP2pUdA%2FcbJSxU6YkrmcSl9vkFV6Dq5Gow%3D%3D#polycard_client=search-nordic&tracking_id=e1e71e81-fbe3-4cc2-8503-adaaeba0492a&wid=MLB5370579290&sid=search,1,2025-06-15 04:43:12
21,cartucho hp 667 original,https://click1.mercadolivre.com.br/mclics/clicks/external/MLB/count?a=lBF%2FJo16Kt29jiEyiKoI8XOjc%2Bdenm50TeTp6vjystrbGmQcjJ6R0Qrz8GJBm4b0XhI0GxD91g4fhoKIuI7YUXyZZ8FEXNV0rIlUT4KDrz6tbwJFtMD%2BP7syNeeTI4IZiRhv2%2F%2Bdas8AorR6CpKyNTxIEdJygoecGRtG88Na2lNpJJw28LfwlSGepnv1teqTFgmQKIjuiapV5cOjEJE%2FME7pjsfiNF%2BcrP%2BHXcSNfTMi%2B4%2BZuesExoIgu1tkntNvvp0lrwuB0ewkt9ifxrZEZqnZPEweEADnGZ9SN1y2Zj5%2BXG%2B1qRt7TIrugpcOpBhFUQGJJjCM0bkjBLwr015dwZjvvWc0tRSlapEeNDaaQZhZxHOrKUQtj5tod3WJyVyU62sJ%2FtMvlZxLHx0fxcr9xz3eyStm9aW6SbHM8DGIEvb5kSt2up3oKNr7jbSCl82Zdif94%2B1rsk%2FWaTTTjDvOoDM0hAOBXKbO6iX%2B9HcvHBB0VLhDYdze6Zuk5I90MlyrAbZdnTCAftHeWOGlogsVlgTcE%2BLQ8dn89bTwYx%2FfXUyqVB0RAFZq%2FbpETF0tCSJk5tiFHI6WjqBQd6edbTMyO%2F4%2FuUWwD8b%2FVqHt41ps%2BAoVo%2BXUIqpzNQQ1qYxNs%2FBYN4ZP7QGGdCWLSAt%2FdKamgEX3cEvL9N7sUlHeColaCfWZBAgjMKVVY1jzzY%2FgZOKd08DZi%2BGvgZdeon%2BmOLwrgln8gGRAheL1cbgo%2FetvBT5vSc0BxE9iCiEF1s2StYvx3XguxR%2FOypxbp7S%2FuEwn%2FwOVj6M6AmGY7cNcnfo8dKqHT3VebB76yj2kPf8y4TBOT6%2BMxPAFt1i22ADFyonlMclaKnzv8UYP6z0ILGG%2F#polycard_client=search-nordic&tracking_id=e1e71e81-fbe3-4cc2-8503-adaaeba0492a&wid=MLB3282016341&sid=search,1,2025-06-15 04:43:12
22,cartucho hp 667 original,https://www.mercadolivre.com.br/cartucho-hp-667-667xl-deskjet-2776-preto/p/MLB22843608#polycard_client=search-nordic&searchVariation=MLB22843608&wid=MLB3905774637&position=13&search_layout=grid&type=product&tracking_id=e1e71e81-fbe3-4cc2-8503-adaaeba0492a&sid=search,1,2025-06-15 04:43:12
23,cartucho hp 667 original,https://www.mercadolivre.com.br/kit-com-2-cartuchos-hp-667-preto-2ml-3ym79ab/p/MLB49087253#polycard_client=search-nordic&searchVariation=MLB49087253&wid=MLB4056593427&position=22&search_layout=grid&type=product&tracking_id=e1e71e81-fbe3-4cc2-8503-adaaeba0492a&sid=search,0,2025-06-15 04:43:12
24,cartucho hp 667 original,https://www.mercadolivre.com.br/kit-2-cartuchos-preto-e-colorido-hp-662-para-impressoras-1516-2515-2516-3515-3516-2546-3546-4646/p/MLB36794457#polycard_client=search-nordic&searchVariation=MLB36794457&wid=MLB5247594054&position=9&search_layout=grid&type=product&tracking_id=e1e71e81-fbe3-4cc2-8503-adaaeba0492a&sid=search,1,2025-06-15 04:43:12
25,cartucho hp 667 original,https://produto.mercadolivre.com.br/MLB-1953458246-kit-cartuchos-hp-667-preto-color-2374-a-2376-2775-2776-6475-_JM#polycard_client=search-nordic&backend_model=search-backend&position=38&search_layout=grid&type=item&tracking_id=e1e71e81-fbe3-4cc2-8503-adaaeba0492a&wid=MLB1953458246&sid=search,1,2025-06-15 04:43:12
26,cartucho hp 667 original,https://produto.mercadolivre.com.br/MLB-2685019937-cartucho-de-tinta-hp-667-preto-original-1275-2376-2775-6475-_JM#polycard_client=search-nordic&position=39&search_layout=grid&type=item&tracking_id=e1e71e81-fbe3-4cc2-8503-adaaeba0492a&wid=MLB2685019937&sid=search,1,2025-06-15 04:43:12
27,cartucho hp 667 original,https://produto.mercadolivre.com.br/MLB-2685026197-2x-cartucho-tinta-preto-original-hp-667-2376-2774-6476-_JM#polycard_client=search-nordic&position=40&search_layout=grid&type=item&tracking_id=e1e71e81-fbe3-4cc2-8503-adaaeba0492a&wid=MLB2685026197&sid=search,1,2025-06-15 04:43:12
28,cartucho hp 667 original,https://produto.mercadolivre.com.br/MLB-2685026226-kit-cartucho-hp-667-preto-hp-667-colorido-originais-_JM#polycard_client=search-nordic&position=41&search_layout=grid&type=item&tracking_id=e1e71e81-fbe3-4cc2-8503-adaaeba0492a&wid=MLB2685026226&sid=search,1,2025-06-15 04:43:12
29,cartucho hp 667 original,https://produto.mercadolivre.com.br/MLB-3670234132-kit-com-2-cartuchos-hp-667-preto-original-envio-imediato-_JM#polycard_client=search-nordic&position=42&search_layout=grid&type=item&tracking_id=e1e71e81-fbe3-4cc2-8503-adaaeba0492a&wid=MLB3670234132&sid=search,1,2025-06-15 04:43:12
30,cartucho hp 667 original,https://www.mercadolivre.com.br/kit-cartucho-hp-664-preto-e-hp-664-colorido/p/MLB36751072#polycard_client=search-nordic&searchVariation=MLB36751072&wid=MLB4020435573&position=5&search_layout=grid&type=product&tracking_id=e1e71e81-fbe3-4cc2-8503-adaaeba0492a&sid=search,1,2025-06-15 04:43:12
31,cartucho hp 667 original,https://produto.mercadolivre.com.br/MLB-5397003728-cartucho-de-tinta-hp-667-cor-preto-do-2-ml-_JM#polycard_client=search-nordic&position=43&search_layout=grid&type=item&tracking_id=e1e71e81-fbe3-4cc2-8503-adaaeba0492a&wid=MLB5397003728&sid=search,0,2025-06-15 04:43:12
32,cartucho hp 667 original,https://www.mercadolivre.com.br/kit-cartucho-hp-667-preto-e-667-colorido-2376-2776/p/MLB39019456#polycard_client=search-nordic&searchVariation=MLB39019456&wid=MLB4087001897&position=6&search_layout=grid&type=product&tracking_id=e1e71e81-fbe3-4cc2-8503-adaaeba0492a&sid=search,1,2025-06-15 04:43:12
33,cartucho hp 667 original,https://www.mercadolivre.com.br/cartucho-de-tinta-hp-667-kit-preto-e-colorido/p/MLB38766141#polycard_client=search-nordic&searchVariation=MLB38766141&wid=MLB5383767248&position=14&search_layout=grid&type=product&tracking_id=e1e71e81-fbe3-4cc2-8503-adaaeba0492a&sid=search,1,2025-06-15 04:43:12
34,cartucho hp 667 original,https://produto.mercadolivre.com.br/MLB-2685019645-cartucho-de-tinta-hp-667-colorido-advantage-original-_JM#polycard_client=search-nordic&position=44&search_layout=grid&type=item&tracking_id=e1e71e81-fbe3-4cc2-8503-adaaeba0492a&wid=MLB2685019645&sid=search,1,2025-06-15 04:43:12
35,cartucho hp 667 original,https://produto.mercadolivre.com.br/MLB-3872004082-cartucho-hp-667-preto-original-1200-2300-2700-_JM#polycard_client=search-nordic&position=45&search_layout=grid&type=item&tracking_id=e1e71e81-fbe3-4cc2-8503-adaaeba0492a&wid=MLB3872004082&sid=search,0,2025-06-15 04:43:12
36,cartucho hp 667 original,https://produto.mercadolivre.com.br/MLB-3295749445-kit-cartucho-tinta-original-hp-667-pretocolorido-2376-2774-_JM#polycard_client=search-nordic&position=46&search_layout=grid&type=item&tracking_id=e1e71e81-fbe3-4cc2-8503-adaaeba0492a&wid=MLB3295749445&sid=search,1,2025-06-15 04:43:12
37,cartucho hp 667 original,https://produto.mercadolivre.com.br/MLB-3201775232-cartucho-hp-667-preto-original-3ym79ab-2376-2774-2776-6476-_JM#polycard_client=search-nordic&position=47&search_layout=grid&type=item&tracking_id=e1e71e81-fbe3-4cc2-8503-adaaeba0492a&wid=MLB3201775232&sid=search,1,2025-06-15 04:43:12
38,cartucho hp 667 original,https://produto.mercadolivre.com.br/MLB-3617476011-kit-cartucho-hp-667-preto-e-colorido-original-1200-2300-2700-_JM#polycard_client=search-nordic&position=48&search_layout=grid&type=item&tracking_id=e1e71e81-fbe3-4cc2-8503-adaaeba0492a&wid=MLB3617476011&sid=search,1,2025-06-15 04:43:12
39,cartucho hp 667 original,https://produto.mercadolivre.com.br/MLB-3208180972-kit-2-cartucho-hp-667-667xl-deskjet-2776-preto-_JM#polycard_client=search-nordic&position=49&search_layout=grid&type=item&tracking_id=e1e71e81-fbe3-4cc2-8503-adaaeba0492a&wid=MLB3208180972&sid=search,1,2025-06-15 04:43:12
40,cartucho hp 667 original,https://produto.mercadolivre.com.br/MLB-3389954163-cartucho-667-hp-preto-original-1275-2374-2376-2775-6476-_JM#polycard_client=search-nordic&position=50&search_layout=grid&type=item&tracking_id=e1e71e81-fbe3-4cc2-8503-adaaeba0492a&wid=MLB3389954163&sid=search,1,2025-06-15 04:43:12
41,cartucho hp 667 original,https://www.mercadolivre.com.br/cartucho-hp-667xl-preto-e-color-02-preto-e-01-colorido/p/MLB38632061#polycard_client=search-nordic&searchVariation=MLB38632061&backend_model=search-backend&wid=MLB4958865268&position=34&search_layout=grid&type=product&tracking_id=e1e71e81-fbe3-4cc2-8503-adaaeba0492a&sid=search,1,2025-06-15 04:43:12
42,cartucho hp 667 original,https://produto.mercadolivre.com.br/MLB-3670221466-cartucho-de-tinta-hp-667xl-85ml-preto-advantage-original-_JM#polycard_client=search-nordic&position=51&search_layout=grid&type=item&tracking_id=e1e71e81-fbe3-4cc2-8503-adaaeba0492a&wid=MLB3670221466&sid=search,1,2025-06-15 04:43:12
43,cartucho hp 667 original,https://www.mercadolivre.com.br/kit-cartucho-hp-667-667xl-deskjet-2776-preto-e-color/p/MLB36786137#polycard_client=search-nordic&searchVariation=MLB36786137&wid=MLB4020553339&position=25&search_layout=grid&type=product&tracking_id=e1e71e81-fbe3-4cc2-8503-adaaeba0492a&sid=search,1,2025-06-15 04:43:12
44,cartucho hp 667 original,https://produto.mercadolivre.com.br/MLB-2788449919-kit-cartucho-hp-667-preto-667-colorido-original-2376-2776-_JM#polycard_client=search-nordic&backend_model=search-backend&position=52&search_layout=grid&type=item&tracking_id=e1e71e81-fbe3-4cc2-8503-adaaeba0492a&wid=MLB2788449919&sid=search,1,2025-06-15 04:43:12
45,cartucho hp 667 original,https://www.mercadolivre.com.br/cartucho-hp-667xl-preto-e-color-03-preto-e-02-colorido/p/MLB47976494#polycard_client=search-nordic&searchVariation=MLB47976494&wid=MLB5350101310&position=32&search_layout=grid&type=product&tracking_id=e1e71e81-fbe3-4cc2-8503-adaaeba0492a&sid=search,1,2025-06-15 04:43:12
46,cartucho hp 667 original,https://produto.mercadolivre.com.br/MLB-3142771512-kit-2-cartuchos-tinta-preta-hp-667-original-1275-2374-2375-_JM#polycard_client=search-nordic&position=53&search_layout=grid&type=item&tracking_id=e1e71e81-fbe3-4cc2-8503-adaaeba0492a&wid=MLB3142771512&sid=search,1,2025-06-15 04:43:12
47,cartucho hp 667 original,https://www.mercadolivre.com.br/cartucho-tinta-tricolor-667xl-hp/p/MLB22653316#polycard_client=search-nordic&searchVariation=MLB22653316&wid=MLB5151202986&position=30&search_layout=grid&type=product&tracking_id=e1e71e81-fbe3-4cc2-8503-adaaeba0492a&sid=search,1,2025-06-15 04:43:12
48,cartucho hp 667 original,https://www.mercadolivre.com.br/kit-com-2-cartuchos-hp-667-preto-imediato/p/MLB51185641#polycard_client=search-nordic&searchVariation=MLB51185641&wid=MLB5432446438&position=27&search_layout=grid&type=product&tracking_id=e1e71e81-fbe3-4cc2-8503-adaaeba0492a&sid=search,1,2025-06-15 04:43:12
49,cartucho hp 667 original,https://www.mercadolivre.com.br/cartucho-hp-667-xl-black-original/up/MLBU1436486297#polycard_client=search-nordic&searchVariation=MLBU1436486297&wid=MLB2940953349&position=23&search_layout=grid&type=product&tracking_id=e1e71e81-fbe3-4cc2-8503-adaaeba0492a&sid=search,1,2025-06-15 04:43:12
50,cartucho hp 667 original,https://produto.mercadolivre.com.br/MLB-4040793555-cartucho-de-tinta-hp-667-preto-para-2774-2776-2874-original-_JM#polycard_client=search-nordic&position=54&search_layout=grid&type=item&tracking_id=e1e71e81-fbe3-4cc2-8503-adaaeba0492a&wid=MLB4040793555&sid=search,1,2025-06-15 04:43:12
51,cartucho hp 667 original,https://produto.mercadolivre.com.br/MLB-3329826903-kit-cartucho-original-hp-667-2-pretos-e-1-color-2300-2700-_JM#polycard_client=search-nordic&position=55&search_layout=grid&type=item&tracking_id=e1e71e81-fbe3-4cc2-8503-adaaeba0492a&wid=MLB3329826903&sid=search,0,2025-06-15 04:43:12
52,cartucho hp 667 original,https://www.mercadolivre.com.br/kit-2x-cartucho-hp-667xl-color-para-2376-2774/p/MLB48094140#polycard_client=search-nordic&searchVariation=MLB48094140&wid=MLB5350827374&position=29&search_layout=grid&type=product&tracking_id=e1e71e81-fbe3-4cc2-8503-adaaeba0492a&sid=search,0,2025-06-15 04:43:13
53,cartucho hp 667 original,https://www.mercadolivre.com.br/cartucho-de-tinta-preta-hp-667xl/p/MLB36803813#polycard_client=search-nordic&searchVariation=MLB36803813&wid=MLB4053886579&position=33&search_layout=grid&type=product&tracking_id=e1e71e81-fbe3-4cc2-8503-adaaeba0492a&sid=search,0,2025-06-15 04:43:13
54,cartucho hp 667 original,https://produto.mercadolivre.com.br/MLB-2220453541-cartucho-hp-667-preto-original-hp-3ym79ab-2376-2776-6476-_JM#polycard_client=search-nordic&position=56&search_layout=grid&type=item&tracking_id=e1e71e81-fbe3-4cc2-8503-adaaeba0492a&wid=MLB2220453541&sid=search,0,2025-06-15 04:43:13
55,cartucho hp 667 original,https://produto.mercadolivre.com.br/MLB-4849925284-kit-cartucho-hp-667-pretocoloridoa4-original1200-2300-2700-_JM#polycard_client=search-nordic&position=57&search_layout=grid&type=item&tracking_id=e1e71e81-fbe3-4cc2-8503-adaaeba0492a&wid=MLB4849925284&sid=search,0,2025-06-15 04:43:13
56,cartucho hp 667 original,https://www.mercadolivre.com.br/kit-3-cartucho-hp-667-667xl-deskjet-2776-preto/p/MLB48075604#polycard_client=search-nordic&searchVariation=MLB48075604&wid=MLB4031888871&position=28&search_layout=grid&type=product&tracking_id=e1e71e81-fbe3-4cc2-8503-adaaeba0492a&sid=search,0,2025-06-15 04:43:13
57,cartucho hp 667 original,https://www.mercadolivre.com.br/kit-cartucho-de-tinta-hp-667xl-preto-colorido/p/MLB39023091#polycard_client=search-nordic&searchVariation=MLB39023091&backend_model=search-backend&wid=MLB5293341574&position=4&search_layout=grid&type=product&tracking_id=e1e71e81-fbe3-4cc2-8503-adaaeba0492a&sid=search,0,2025-06-15 04:43:13
58,cartucho hp 667 original,https://click1.mercadolivre.com.br/mclics/clicks/external/MLB/count?a=Q0Sbz7lUv63gz2eHz2rXXh4Aq8ctAwNZ82jt3cgehzNzI1%2F0PXsvcgBsHF%2BEPqA%2Fv5HfBRNm1lCA6uhYe4OaPzW7TLSVLpH1c%2FGthuGcHOpYBEmpd6POgNzKIgcxnMD7nqodtWEjIbfopZQs1GfOhGuKXDITBa3vxcHw5bNm54%2FYs3Op5%2BBUcbzpne3SUygXu94hsOMNv3B9L6PVtknK9CA51V3ziu5BD46YUhQjml4G1QdCt32fYcOTo64601%2BERIxDgZhwnOk6xhVzNJiAlB9gTlSJPV20lQlWAHLgPyT8df3oDUGxnOKFQn89GsHkb5MVwHxO1XstHWIf%2BgBPQTUTx9Brp931V36eq%2BzdqsLYO01nzwIlZc9yyPl2%2BoY1qo3uSBYZBQjmYM9oiHwK75Bzxr0L8loCvnadUNrt4az0XiASlXIhBkFsQGRUZJN3ImxtMDkYwhmcghvNhrA3UF%2FIUCwREH%2FPnZ4YBE34ER1KopJPpJ3SzKpQ7VPCGt4OYy%2FB00ag4iooTla4Euc4eg2OsNoSs%2B1egWGw7NTv%2B7nbuGYrMm%2FDNJ4e5jFkXACVmTinzn9LsBBE%2BY22cuLgqyCkRPvDWxC1L0kTT5r%2FM3Ob%2FcnTzcooHhuBYWzIceR5dXabipjiAEm71w1EsPvq5Q6f2stLE3AMtQE%2FV0969lwnRo6Hqz%2FBOEjUtnrdCFIBdIy0B4o9Y%2F4B8jsrMCyQhZXry6tXw0xLTgqvcB6QtA1B15Rwyo3%2F4yjBsnkONqIB%2BPHBBVTSYYKwuIX3KudP9%2BFPLWiwF7vtMYtsLihZltb6i4nZM%2BJmh%2B8eZM7EWX0CRb68UeDZyOrPasnIjNYvW0gxsjgj#polycard_client=search-nordic&tracking_id=bb83d872-6eee-4c0e-8da7-a5dd38adc914&wid=MLB3208197871&sid=search,0,2025-06-15 04:43:21
59,cartucho hp 667 original,https://click1.mercadolivre.com.br/mclics/clicks/external/MLB/count?a=nZGkF9BPg%2FrqQpRDCrxXI4uC3htMg3%2F1bNg%2F1XGm7Z2gXnVi%2Bok1fK9omBCDZ3VWH8f%2F%2Bw7r%2BRU3O04xq%2B3CKNCNYWCOF6CbzQlLpgb9FFAQ0WJ0r86DqEwxeoc3iBEjMmx%2FJEK%2BNeYJlyJ6hOm18zaRgumhcbjv79kDkyapuW%2BTDXzOahU5Rh4pumFY1Iu78jodSozO%2BHtWHfEWpLxC9VEkwia%2Fw%2B2sMp2VqjIm34gczPnNWnOQzj6yPkCqn6j%2FeNKl0vwB0hnlbBFcjESGk88n%2FmRk68ISi2K%2Fend0hWQ4BNasjp7j8DPB%2FlJbNg7YV7K5IbZC2hutnUQM2L%2F6T3U2T5hbUWzIJbRIXbsWsZUZF7qnjkuuNHVS0zjobFYWp0Pq9nVk3f7B6MjlmDY3alomfUiAD%2BnyHe8LsMuCpg6tV0oXY3ULTjrvAk6VtNjkd%2BHsd9dcPx%2BxoU6cO5DE3lzhPCS9CsfZw%2BZdrkNYomOfDGV25eP%2BFkVh9dRnk6EZFfk7hZYfRJMZutTbkiv1l3GdWreuDz%2BT3XxqBawKddo4hsneDTFRxDhbNgqmbiKR1n6UUex0LlZ%2BNBewevWX%2BVFS0SR1gcEhG5Pl%2F7GHrURN60Z3zSRIhgVHuSacn0YCXKhmm3P%2Fw%2FMRTK%2FaS28UJ5VZTKKZ0RUUeXEJlz7d1DSouJ8JhDHw8BobuLjtn6DGaiFeMhuGVsjFOgxzqoKHPu74Yb8AyZPDevGrnGkMahl%2Bv%2F7xG5nWzpf5H%2BAelEtNzZ7AKA7qhmyQUcNR9xE5P41yJsZItRQ8vNmz7FfNtt6SfFP4iDNKKFxddIQS%2FVtFtAsfthaGS2TeRBLvULtdFYl%2F%2FA%3D%3D#polycard_client=search-nordic&tracking_id=bb83d872-6eee-4c0e-8da7-a5dd38adc914&wid=MLB4400115272&sid=search,0,2025-06-15 04:43:21
60,cartucho hp 667 original,https://click1.mercadolivre.com.br/mclics/clicks/external/MLB/count?a=Go59PH11WcanGIFkwUrnUPMGxhun6F%2FbV1TBXHkf8oBROVIuqHlYLejC3RiJr4YZ%2BH48mL7YnFRX6N4Mq%2FdNbCnYeTAIE09xUfXNFkHB3lO%2BmFcFjJYLLj830MlJZ9wjEhLMbFjZFPVeG1E5NVamHNXBzUwDzrdgthbR2rxX%2FZHNTR8zS%2BNq5wjUtAp5mIbi0Qmqlj5Vd%2F86cEg3n4PaIBO14RIay1J5L5ERAwE5OQr%2FdtrBrAmhzT1ah%2BdD%2BnyE1PUjQ%2BgP6TJtWPW8jvT1XP1NspUBZliC%2FqUxJVBu92ia5k7d9Vr%2BvqLCjEjb1q7gotoJoUKHHOvjsTbPj6ON9j3yQ399S31Fg3lbxzVs5%2Fza6tZ%2FZ18PvQZuO0AYHWp6HzaXqoqjps0TKrcIUyfPZPpLxk%2BWBTCFt3fPpzJVQ%2BETLzLyLbrPiHm0l7qDnXLhw1T59wpfZWpEojrVd7O2a6iu2eHR%2FDNhvupiRXCeQDhXXy%2FVZiDQct9iqV6qnE6%2BMiOvjA8C2bE78%2BMn0r8JYYiqyIHHAW2msbmPK9jPTDqu0pMNnKmuyA%2BhYiHj8ZdS7H8vXAp92wQo1m6LfjJHy47M6I1HnN%2B6s%2BXdqU5a3cUu2WCT6I%2BiXGuKqbvsfbkFU%2BJ5s12UDQnnFx12A6co%2FzKn21JxSPaIibdcnACGVqgn70zp5vNr5flUwn2SrIQqoOEQ%2Bnr2hicsBfafDQbHtjTca70d8Nh%2Bfl%2BytQFEn6oRmn3W96%2FGO49rGE0FqH9ZGKGyC8O6HrScHI4s7WHsrVb156dQIKQnbqrvaDuxnLGpiS%2BWNNa2%2Fm9Bv7v0o92etJJPK5FAjM7Sm9AN2Y6rC6%2FUC5BtszABTPF1UQe0205HXJbG%2FD79kf0tv%2BhQNEIbZuZP5ZN1BGDnbNt7CXYKqbMaxEKmhdZUwM4vuMt5RqVIOBZQilN7Zwak2dRrkQTlkYxoh0iYzGEvH5i1R22ySRv0HSqlcmq0X0AG2ygTRr%2FWFz1QZa989g%3D%3D#polycard_client=search-nordic&tracking_id=bb83d872-6eee-4c0e-8da7-a5dd38adc914&wid=MLB4958865268&sid=search,0,2025-06-15 04:43:21
61,cartucho hp 667 original,https://produto.mercadolivre.com.br/MLB-5095464962-cartucho-preto-hp-667xl-original-2376-2774-_JM#polycard_client=search-nordic&position=16&search_layout=grid&type=item&tracking_id=bb83d872-6eee-4c0e-8da7-a5dd38adc914&wid=MLB5095464962&sid=search,0,2025-06-15 04:43:21
62,cartucho hp 667 original,https://produto.mercadolivre.com.br/MLB-3208197871-kit-cartucho-hp-667-667xl-deskjet-2776-preto-e-color-_JM#polycard_client=search-nordic&backend_model=search-backend&position=17&search_layout=grid&type=item&tracking_id=bb83d872-6eee-4c0e-8da7-a5dd38adc914&wid=MLB3208197871&sid=search,0,2025-06-15 04:43:21
63,cartucho hp 667 original,https://produto.mercadolivre.com.br/MLB-3282016341-kit-cartucho-hp-667-preto-667-colorido-original-2376-2774-_JM#polycard_client=search-nordic&backend_model=search-backend&position=18&search_layout=grid&type=item&tracking_id=bb83d872-6eee-4c0e-8da7-a5dd38adc914&wid=MLB3282016341&sid=search,0,2025-06-15 04:43:21
64,cartucho hp 667 original,https://produto.mercadolivre.com.br/MLB-4037504450-tinta-hp-667-preto-cartucho-original-para-1200-2300-2700-_JM#polycard_client=search-nordic&position=22&search_layout=grid&type=item&tracking_id=bb83d872-6eee-4c0e-8da7-a5dd38adc914&wid=MLB4037504450&sid=search,0,2025-06-15 04:43:21
65,cartucho hp 667 original,https://produto.mercadolivre.com.br/MLB-2220064875-kit-cartucho-hp-667-preto-667-colorido-original-2376-2776-_JM#polycard_client=search-nordic&position=23&search_layout=grid&type=item&tracking_id=bb83d872-6eee-4c0e-8da7-a5dd38adc914&wid=MLB2220064875&sid=search,0,2025-06-15 04:43:21
66,cartucho hp 667 original,https://produto.mercadolivre.com.br/MLB-1807118313-kit-cartuchos-hp-667-preto-color-1275-2376-2775-2776-6476-_JM#polycard_client=search-nordic&position=24&search_layout=grid&type=item&tracking_id=bb83d872-6eee-4c0e-8da7-a5dd38adc914&wid=MLB1807118313&sid=search,0,2025-06-15 04:43:21
67,cartucho hp 667 original,https://click1.mercadolivre.com.br/mclics/clicks/external/MLB/count?a=%2BBqxF%2FdSQzzFCTAsAnw3zjyfZPvz6y4LqVa52L3NkWy7QOmpiFh382WTIxVRJrGycSl%2BqgZXMSWccUttB8QsmUMFj1YW81Xf8trXWWRm2d59J6uGe9QaDYzOxSn3QH5DA8CmYHS79aakLlBHN4fvIusDliUMpwetEzONO95UIbU7X7d0XeafhyfADt6WiLf5e7Lcg%2FXdUTKuy4od7ohrsWzt8XM%2FD1U44hUz35VCAaHvfTWn%2Br0Z%2BGe9IqjJkozuKiLsYYoC1OZO7VM88wA4PrgsqdDporo8Ns5yWUwWjBBUyR0PZTKsMOpXbP7YiLNkSMcopsgBJyM3llPl67nJgJfRU%2FqsAqVCJo2YuchwRpU%2FbCzaq72wHG68TRg6V6c74EGAPgEoOgWCCRS6suug6rIIfrSvzXSnVhSw4WxHRsDrjTHbCf9z9YNVtlKsScxn2Sl0PoCQftY3BTaTO3SaiKxqi7js2jUhzTOUMnUysOr2o%2Beyl%2FbTftBzDQNlQLK0vsG0ZBOBkWtQWB9NMIrATZSKjBg0gdJw423EliBijVOU7IqFQqsq39yV%2BXoHZ6YfOACu%2BBUE6DdggfvzpomTe9j0y3ckYa2eQPz3Wq6iI%2Ft93GxHQMvsXt6KLg4lmR8kSlJnwVuagyJflL14vel%2BJOyYeWTkcup9MUST%2B%2FvS38fHbaw%2BWa4oKhDmHNeCgqXfCLB6u08citdYYpwdoplm%2Bt%2B2YWtPJCdZsMhF4Oi2zq9nTKfZvplOfDlC8L7LNoUsgYF%2B%2FCX2PspziOuwVUFlWPUVbitTdwsOmSQI1EzLt%2Bsznc0l6exbe4CHdYZgOYywdtyoz7Vg0GB7T9B19txbNDmhF9Ojn2LMg7FFrg%3D%3D#polycard_client=search-nordic&tracking_id=bb83d872-6eee-4c0e-8da7-a5dd38adc914&wid=MLB2788449919&sid=search,0,2025-06-15 04:43:21
68,cartucho hp 667 original,https://click1.mercadolivre.com.br/mclics/clicks/external/MLB/count?a=qmXnPK9nNksgLJcqkJlEblGEwrqEC3hwWPKBLfVMm2NDIgfcrXKITDQGqsEZrz1k2yAx%2FjOLCO8w2rAC7BwMCyfJn2AyJGbkjoWoav6sEH%2BJeg8qjLtSiNU5Dh247iR6LfARo%2FocQcef4Zpceg4PMJhhzWzBlRUsed7wQytb2LO2VL%2FgptJWqev0pIdlm4xLV1OXM22I38XEMN1cxM9MA12KiQnIO3U5UwN9VaLSZ3LHQm47DiLbLhB4wgKlaO4CFIDHKsakD0WK8uvcV4In65WiQzQyRDN1vGNc8wnpc2xY%2F%2FnqqEEvC8eX3seWTFgT9EFqPzYVPOCmxSvg4E3u2ofHDqB5o5H8KJPMJC8hffyDlL7vWMdcVrfMRpYmnen0KAgWwom6xAFec8f0Ju4IA5Or9aukidA0NMMtwfqIYxhsfhLRgVWoJ1gf647q%2FaN8qnc1%2BxL2jqivFbG76K0qWU0dmNzvSE9bdYx4P54AH3xU2j7zNYRi%2BphYC538HGe6Xcxu8cyv6mzcOn60USgUUOuiEAS1H%2FfQicfjzfohqvxOqsRCoxB7%2FJCaid9YsZHuvPesF9s7uYOB24e%2BCmc1lX7Z%2FftPFb9vXn4avgbU59Tzu3CRWF7QLiTWjOWF%2BUNuzpmAR0nQ8QX4TGo8U5BdYjie9YyN%2FJluHuSXEmaGtCq6tCLY9Z0GnggvpYAZiQOh7LRYnP0N2P7PyFRE2ChE5t1QqFXaDv0x0l%2BQYn0rCUjbhWR50Lz%2BJLeigF0k%2B2FvA8RABQB3qJ5IYTzEdDteg5PIeNr5MegDjzxtkeJSwKycUnI0QJDLG3ZWUD2KqKaFnHucJAEr%2FpDZw2tMhWqbdMkuNm%2FElgHlTQJCuSk%3D#polycard_client=search-nordic&tracking_id=bb83d872-6eee-4c0e-8da7-a5dd38adc914&wid=MLB1953458246&sid=search,0,2025-06-15 04:43:21
69,cartucho hp 667 original,https://click1.mercadolivre.com.br/mclics/clicks/external/MLB/count?a=kuDT0uFbSQVLWvv9mo17ZUkUD9ICQ%2B2xAFwYl96%2FN2rqwLerthfgGk62vU%2FXmaLKVx5xKZ9VyMcYRl9JwIdI0lQz80hgHdqTvVdWmv2E03EBjztJsxIMg7YpaNI1flOuER5YO%2FLam0FpBNFFZqZRuqlO5ZnIZ%2Fd3Z7hcn%2F7Glt3BVw6A9Ng0nmBCXqIHYQ9SNizsU4Tg8tM0EYlOzFyjxsyftUBQo0kPw8Fc60CDN8cHW7jepie8KYSH4FBHBUB%2BbYw5flma7w1o2D%2Fc85WsYTdvjVSH1VyFikygtU0UODYuiZvcdXdzkDf9zShov1uG8Z5ArDmFeCFewetT%2B3rcqJkBWpqhnzA8YrN7pZ2SOf%2BLjvGFMgOXdxaQPAaZJ%2FfWTwj7Jx0x7t5F4eetd5jwKrUS2cLuZudWvORm%2B1%2BChSPSZ3FI5bV1i9q9DvNmlgWw%2FxGK36yZqVGBiaaoqZwpKJpyaNmGtamvMpItVU8PJ%2BDpLaRJX4FQ%2Br6BWCMmU8qVBlDyN5AZFBhyCnTAPbuDbW%2F3IwZorR8QnnCHdLV9%2Fsn%2F3M1TW%2FPCPHoSLxcHEWkB4dsAI9wAayUvJcgfnERePsz3ed7GX4eI1eIauDtfFgarLyDWzhpW%2BhL1UPT39h1rmp%2BuksB32BzEt3NRG0KEfLLQKix5pNLqd154EB4ojNlzAN5BXJFEmyHNJKZJxsKDNBN7etfewolXISqVPU6kpAFZXsBMQxQR0xOmKII6stPBZSUPVH60izErO1tus7fz57xmc6cOJtsayGVWSlP2EVAtV7hV39mWi1ZH%2BtWhrAj2U6f7gtbJs4QqhSzmZl3BaqYV9TLzQqJDxeAT%2BHlXtgiZUfdROISnHkY%2FAzSihwXI9mpMID2MXhL9oswSkH0PNv42HJhAjSyiNccMZpfKOU6MMb8yc6URwbs5Ks7kxZOE5%2FuYdP8zAMM70Fs54on55PsaLYdGojICaCUfTN6mqoonwpjTt0y8ySY1Y6Be9eg%3D#polycard_client=search-nordic&tracking_id=bb83d872-6eee-4c0e-8da7-a5dd38adc914&wid=MLB5293341574&sid=search,0,2025-06-15 04:43:21
70,cartucho hp 667 original,https://produto.mercadolivre.com.br/MLB-3307397937-cartucho-de-tinta-hp-667-color-original-2376-2774-2776-2874-_JM#polycard_client=search-nordic&position=25&search_layout=grid&type=item&tracking_id=bb83d872-6eee-4c0e-8da7-a5dd38adc914&wid=MLB3307397937&sid=search,0,2025-06-15 04:43:21
71,cartucho hp 667 original,https://www.mercadolivre.com.br/kit-2-cartuchos-hp-664-1un-preto-1un-color/p/MLB39028313#polycard_client=search-nordic&searchVariation=MLB39028313&wid=MLB5277946158&position=5&search_layout=grid&type=product&tracking_id=bb83d872-6eee-4c0e-8da7-a5dd38adc914&sid=search,0,2025-06-15 04:43:21
72,cartucho hp 667 original,https://www.mercadolivre.com.br/cartucho-hp-667xl-preto-e-color-01-preto-e-02-colorido/p/MLB48094196#polycard_client=search-nordic&searchVariation=MLB48094196&wid=MLB5350928984&position=9&search_layout=grid&type=product&tracking_id=bb83d872-6eee-4c0e-8da7-a5dd38adc914&sid=search,0,2025-06-15 04:43:21
73,cartucho hp 667 original,https://www.mercadolivre.com.br/kit-2-cartuchos-hp-667-preto-p-2374-2376-2774-2776/p/MLB39018524#polycard_client=search-nordic&searchVariation=MLB39018524&wid=MLB5246599880&position=14&search_layout=grid&type=product&tracking_id=bb83d872-6eee-4c0e-8da7-a5dd38adc914&sid=search,0,2025-06-15 04:43:21
74,cartucho hp 667 original,https://www.mercadolivre.com.br/cartucho-de-tinta-preta-hp-advantage-664-de-2-ml/p/MLB36751629#polycard_client=search-nordic&searchVariation=MLB36751629&wid=MLB3866554217&position=15&search_layout=grid&type=product&tracking_id=bb83d872-6eee-4c0e-8da7-a5dd38adc914&sid=search,0,2025-06-15 04:43:21
75,cartucho hp 667 original,https://produto.mercadolivre.com.br/MLB-5074157086-cartucho-hp-667-preto-original-1200-2300-2700-_JM#polycard_client=search-nordic&position=26&search_layout=grid&type=item&tracking_id=bb83d872-6eee-4c0e-8da7-a5dd38adc914&wid=MLB5074157086&sid=search,0,2025-06-15 04:43:21
76,cartucho hp 667 original,https://click1.mercadolivre.com.br/mclics/clicks/external/MLB/count?a=TX7KS9VAuq3WBYixxWNQtbdyz4yKIBe1OIbGybkg2%2BMgx0rxOEH%2FPFNICDIAvCFvMkQTfDNId%2FZXOL2eVdFqgU2XXGCe0wv89ccjjBOdQ4ozI1uY2BgVLmw28kI0gNE1LqjdvYesy7pEz49yGmLqHRJEYxreSIyiS8kQGcre2sUYGnuTNvwqCqhkfBn012k03Ju%2Fds3UHuEIxXbrtw6UYGTR%2Bp%2Byi51sRwhxMAKtwP12TzMQMIvk96vBWXeMxdSzbxsedevXtHClBm82kSUrDeCvP6sXNCqTmwqCKugyL8T%2FVu8CMoHiGOCFdOoEMZAlZjAAd7bIX94dST15N5OKAJpe%2FiH6fbrI41eiwHYRDIsRbjaWCSGgiNKzrH3GBE8eHgG5jqgr4yPZis6%2B0PWKmQ590G%2FR1bg%2FEw%2BcsoelV%2Be3lvhDvHwDJwbp3LNU7XLaU5b81AqP%2BwKacMX%2F11idW5h%2FvCQZTg4RsQswkmM75Lzf9OQPzR7FGmXW8nmpOuB1pTt67XZvrMFC5cen4wpDYv%2FBsYfbMLmn%2BE7InzuLe5MUFaTijKQW75SXbNtGX9PkRakOoVFoglilcR3CqubiBn%2Br3sLr1cSsZoFj%2FwXdzqwVzkbSg1eicxpGPKjB%2BFaBAnR5aO%2FfB4RPpfxX5PGpS7Ft9vrOMjOi3RJZytdg0vIK5ahqgIIEtIzFyeYV0rkYh%2BTsua8vH3zEEsWbK32WXYCRL%2FQigwLamI3LDNLN5HwsJsOeyzjmgrK9iwEaTDO3V5mohn4hwCVnOm3FDDKvMWCMiwRMa0LX45B1csUSewPkZICLxiI6YMq0Nz0%2Fj%2FKbSghoqrGa8nqJgi%2BLNQuusUpId0sbdxJOA27QV8Kb9FAXfB84dCCzzkmHoFAQd5MRh2A0QAWkmCzyYZ%2Fpp4nZXTmsCDWrZratlu1vVDYBmB7s1SqKiU%2Bo%2Fod4yviDSQJtwGhNOnnmbr4Kt1Obz5Fj%2BuGp4VBDFmk2zX5G#polycard_client=search-nordic&tracking_id=bb83d872-6eee-4c0e-8da7-a5dd38adc914&wid=MLB5405826262&sid=search,0,2025-06-15 04:43:21
77,cartucho hp 667 original,https://click1.mercadolivre.com.br/mclics/clicks/external/MLB/count?a=o%2Bgi9ro0LCjRR6GzpBOqUeDTK%2Bt2QQUG5uUvGQJSkiVjqMu7XBgFi%2BHnzrN%2FBkiM9gHhXrhySa91RJgOUR3uenhf5QvWVmD8s7BE1jeRQSZpnmDixrYo3zws1usIzl8axsyE%2FzkES2NkYUeZy7baTEdwDyUL5arFJ%2BovQuXsxrltJhL9xyp73tXQTI5xwsZRoDTFpJ%2BLUj0k%2FHd8nCs4TlSNqBsbQWeBp9AJiOrsE7wMjZYJOC1tThR5TlFFObmm6vksgciHheJQxlNtw5Ks%2FR05ZV9PSlv%2BkmDcnDO4uI9RRqDEdvZJd4MAS1E41RMYtY5uLRKOv6cucvV72J5XqY0is4gsGFAv7R482KK1N8NYqe1tZ5MajT1U2FWWHyndHUXin1byCHNtEXhiz3nCg6XPT3YRv9ZiO3GFkFsuFNWAcRmn3UKzgInjAHVIcJfGXezeGc5N2owJYwCr84xcP4a67k%2BO%2BLRdWth7SNpUjJGM6jMu7JpxRtrt1hue0KwrH%2FsMy9%2FfowZn5SrviLCbsufkaH9Fti2JZGyA5aJxcQ5%2BgYkn%2Fj12ZjWb2hQNC6oblomeNgQovLTY9QGyb5c66jFuek8qwfs8ObEXpAScqBCazJqPpqtqXw94HWF0N7aLq2JdW6vKmk3zzsBBr4Nnq2Wdzx3qoTE%2By2eAwQ41WtRKhOdAIS0zECedJo8QqhO0TyeO24xAKzOwTzpPS%2BMgCUISzP9Of36QCP7e0JQCIJLpoIc%2Bm9RC3szGHhpMiJAbWzPacImGzx%2BVf%2FO8odIJNjPf3HgfI6gGIXMJxoq%2FOtMG9AddyHlPR%2FnUtJvh%2FV6OcujXz3EOrU5goHtAjTDJE%2FekqvwRuN%2FyBAVY4%2F4%3D#polycard_client=search-nordic&tracking_id=bb83d872-6eee-4c0e-8da7-a5dd38adc914&wid=MLB3282016341&sid=search,0,2025-06-15 04:43:21
78,cartucho hp 667 original,https://click1.mercadolivre.com.br/mclics/clicks/external/MLB/count?a=quEYSPhYT9FaCTvblYZ35jnsFUDMjFUMku89FtdI5IlbIMbvIr703BDe9JfJhMq4U7IHDQJguvXkHgW5atLh5xCcBzPplHUCdrPknEhV3%2FUYsWYtfbGLXI2BmlVPwYRljCFZ2U%2B3ksuLjYv476tij6OGXy8JLgEg1N4ks1sKNyeMlhsUIMY%2FjQ%2Bf70qRIvQbmlHNSCMBwCzSxZwlhBeg6Rd10XeiYtUaLT%2B%2FJgGgUovOjUb4MC8tK0Y3ehScknHYZ0mAnQtxTl1rMlQ3sc7EwKQpVFxzrSUGgUSlFq5RjHHfCEgaPjl6hqA5KIlGzTCFHd%2F%2FZKEkzZQ3dkHmYtViSlfTzD6TK2M3rUzNmiKQzk13UFfdmiXmZYOw1kz4wAC33vgWec%2B7XKwo6Lk76n%2FyXvU5ltZwq5sXjsrhPp0Cn0Qej2KyMUVMd%2BD%2BXrEP07v9OHKeKyFXAwSUv5bwLk9nTgZIP6InCYNLrIGEBnCMFpDZ1xt%2B%2FcVudrJXAYBNRoWL5DxcBvrkTInceZpUgewEwI1wHiZta%2FvhCTZrqHOI%2Fx3cn%2BxQ2DlDXAT607OJAVDE2smqjFUQhPeIynUhGeQRoyuaWIq89hJUIZUgd1aT59HwI68f4%2FVmTi%2B40d2UAUJgUUxa0NlnQ2PkQQK%2FzE04QZwZMbdT0dmX8dz3%2FBptQv5hlvESXTS2vc5X9zlTEBPWTkJaJkD40ypHxF2lv6TW5sHckgCMCcqLaweoEB%2BhezUYkldZvQ0v5%2FrCjq1EZI84eBX9KDVfbSw%2FJSn51GTzMaGpb0b2Ez9WGMoTza8F9jdkQz3K7OTiDBSoTOPF9CHdIrpKGD5i1QLdtgm4aSN7kcDg#polycard_client=search-nordic&tracking_id=bb83d872-6eee-4c0e-8da7-a5dd38adc914&wid=MLB3208180972&sid=search,0,2025-06-15 04:43:21
79,cartucho hp 667 original,https://produto.mercadolivre.com.br/MLB-5074129210-kit-cartucho-hp-667-preto-667-colorido-original-2376-2776-_JM#polycard_client=search-nordic&position=27&search_layout=grid&type=item&tracking_id=bb83d872-6eee-4c0e-8da7-a5dd38adc914&wid=MLB5074129210&sid=search,0,2025-06-15 04:43:21
80,cartucho hp 667 original,https://produto.mercadolivre.com.br/MLB-4556139370-tinta-hp-667-preta-original-pacote-folha-a4-brinde-_JM#polycard_client=search-nordic&position=28&search_layout=grid&type=item&tracking_id=bb83d872-6eee-4c0e-8da7-a5dd38adc914&wid=MLB4556139370&sid=search,0,2025-06-15 04:43:21
81,cartucho hp 667 original,https://produto.mercadolivre.com.br/MLB-3927091301-cartucho-de-tinta-hp-667xl-85ml-preto-advantage-original-_JM#polycard_client=search-nordic&position=29&search_layout=grid&type=item&tracking_id=bb83d872-6eee-4c0e-8da7-a5dd38adc914&wid=MLB3927091301&sid=search,0,2025-06-15 04:43:21
82,cartucho hp 667 original,https://www.mercadolivre.com.br/cartucho-hp-667xl-preto-85ml/p/MLB37822949#polycard_client=search-nordic&searchVariation=MLB37822949&wid=MLB4052720505&position=8&search_layout=grid&type=product&tracking_id=bb83d872-6eee-4c0e-8da7-a5dd38adc914&sid=search,0,2025-06-15 04:43:21
83,cartucho hp 667 original,https://produto.mercadolivre.com.br/MLB-2756526914-kit-2-cartuchos-hp-667-preto-e-hp-667-colorido-hp-com-nf-_JM#polycard_client=search-nordic&position=30&search_layout=grid&type=item&tracking_id=bb83d872-6eee-4c0e-8da7-a5dd38adc914&wid=MLB2756526914&sid=search,0,2025-06-15 04:43:21
84,cartucho hp 667 original,https://produto.mercadolivre.com.br/MLB-3621363187-cartucho-preto-hp-667xl-original-2376-2774-_JM#polycard_client=search-nordic&position=31&search_layout=grid&type=item&tracking_id=bb83d872-6eee-4c0e-8da7-a5dd38adc914&wid=MLB3621363187&sid=search,0,2025-06-15 04:43:21
85,cartucho hp 667 original,https://produto.mercadolivre.com.br/MLB-4510024224-kit-cartucho-hp-667xl-original-preto-e-colorido-2376-2774-_JM#polycard_client=search-nordic&position=32&search_layout=grid&type=item&tracking_id=bb83d872-6eee-4c0e-8da7-a5dd38adc914&wid=MLB4510024224&sid=search,0,2025-06-15 04:43:21
86,cartucho hp 667 original,https://produto.mercadolivre.com.br/MLB-3167231142-cartucho-hp-667-preto-original-3ym79ab-2374-2376-2774-2776-_JM#polycard_client=search-nordic&position=33&search_layout=grid&type=item&tracking_id=bb83d872-6eee-4c0e-8da7-a5dd38adc914&wid=MLB3167231142&sid=search,0,2025-06-15 04:43:21
87,cartucho hp 667 original,https://produto.mercadolivre.com.br/MLB-1849964605-cartucho-667-hp-preto-original-p-hp-2376-2774-2776-com-nf-_JM#polycard_client=search-nordic&position=34&search_layout=grid&type=item&tracking_id=bb83d872-6eee-4c0e-8da7-a5dd38adc914&wid=MLB1849964605&sid=search,0,2025-06-15 04:43:21
88,cartucho hp 667 original,https://produto.mercadolivre.com.br/MLB-1811715371-cartucho-hp-667-xl-original-preto-2374-a-2376-2775-2776-6475-_JM#polycard_client=search-nordic&position=35&search_layout=grid&type=item&tracking_id=bb83d872-6eee-4c0e-8da7-a5dd38adc914&wid=MLB1811715371&sid=search,0,2025-06-15 04:43:21
89,cartucho hp 667 original,https://produto.mercadolivre.com.br/MLB-1811724333-kit-cartuchos-hp-667-xl-preto-color-1275-2376-2775-2776-6475-_JM#polycard_client=search-nordic&position=36&search_layout=grid&type=item&tracking_id=bb83d872-6eee-4c0e-8da7-a5dd38adc914&wid=MLB1811724333&sid=search,0,2025-06-15 04:43:21
90,cartucho hp 667 original,https://produto.mercadolivre.com.br/MLB-2896825671-kit-cartucho-hp-667-preto-667-colorido-original-_JM#polycard_client=search-nordic&position=37&search_layout=grid&type=item&tracking_id=bb83d872-6eee-4c0e-8da7-a5dd38adc914&wid=MLB2896825671&sid=search,0,2025-06-15 04:43:21
91,cartucho hp 667 original,https://produto.mercadolivre.com.br/MLB-3518347098-kit-2-cartuchos-hp-667-preto-original-p-2374-2376-2774-2776-_JM#polycard_client=search-nordic&position=38&search_layout=grid&type=item&tracking_id=bb83d872-6eee-4c0e-8da7-a5dd38adc914&wid=MLB3518347098&sid=search,0,2025-06-15 04:43:21
92,cartucho hp 667 original,https://produto.mercadolivre.com.br/MLB-3822586385-cartucho-de-tinta-hp-667-preto-original-p-2776-2775-2376-_JM#polycard_client=search-nordic&position=39&search_layout=grid&type=item&tracking_id=bb83d872-6eee-4c0e-8da7-a5dd38adc914&wid=MLB3822586385&sid=search,0,2025-06-15 04:43:21
93,cartucho hp 667 original,https://produto.mercadolivre.com.br/MLB-3167724610-kit-cartuchos-originais-hp-667-preto-color-2376-2774-2776-_JM#polycard_client=search-nordic&position=40&search_layout=grid&type=item&tracking_id=bb83d872-6eee-4c0e-8da7-a5dd38adc914&wid=MLB3167724610&sid=search,0,2025-06-15 04:43:21
94,cartucho hp 667 original,https://produto.mercadolivre.com.br/MLB-4067047721-kit-2-cartucho-origianl-hp-667-preto-e-color-2376-2874-2776-_JM#polycard_client=search-nordic&position=41&search_layout=grid&type=item&tracking_id=bb83d872-6eee-4c0e-8da7-a5dd38adc914&wid=MLB4067047721&sid=search,0,2025-06-15 04:43:21
95,cartucho hp 667 original,https://produto.mercadolivre.com.br/MLB-3670252660-kit-cartucho-hp-667-preto-hp-667-colorido-original--_JM#polycard_client=search-nordic&position=42&search_layout=grid&type=item&tracking_id=bb83d872-6eee-4c0e-8da7-a5dd38adc914&wid=MLB3670252660&sid=search,0,2025-06-15 04:43:21
96,cartucho hp 667 original,https://produto.mercadolivre.com.br/MLB-5419090478-cartucho-667-preto-hp-deskjet-ink-advantage-2un-_JM#polycard_client=search-nordic&position=43&search_layout=grid&type=item&tracking_id=bb83d872-6eee-4c0e-8da7-a5dd38adc914&wid=MLB5419090478&sid=search,0,2025-06-15 04:43:21
97,cartucho hp 667 original,https://produto.mercadolivre.com.br/MLB-3167810703-kit-cartucho-de-tinta-hp-667-preto-color-p-2376-2774-2776-_JM#polycard_client=search-nordic&position=44&search_layout=grid&type=item&tracking_id=bb83d872-6eee-4c0e-8da7-a5dd38adc914&wid=MLB3167810703&sid=search,0,2025-06-15 04:43:21
98,cartucho hp 667 original,https://www.mercadolivre.com.br/kit--de-cartuchos-originais-hp-667-xl-black--color/up/MLBU1440498316#polycard_client=search-nordic&searchVariation=MLBU1440498316&wid=MLB2940742305&position=6&search_layout=grid&type=product&tracking_id=bb83d872-6eee-4c0e-8da7-a5dd38adc914&sid=search,0,2025-06-15 04:43:22
99,cartucho hp 667 original,https://produto.mercadolivre.com.br/MLB-4062027457-kit-cartucho-hp-667xl-preto-e-colorido-2376-667xl-2776-2774-_JM#polycard_client=search-nordic&position=45&search_layout=grid&type=item&tracking_id=bb83d872-6eee-4c0e-8da7-a5dd38adc914&wid=MLB4062027457&sid=search,0,2025-06-15 04:43:22
100,cartucho hp 667 original,https://produto.mercadolivre.com.br/MLB-2757543247-kit-cartucho-hp-667xl-black-e-color-original-_JM#polycard_client=search-nordic&position=46&search_layout=grid&type=item&tracking_id=bb83d872-6eee-4c0e-8da7-a5dd38adc914&wid=MLB2757543247&sid=search,0,2025-06-15 04:43:22
101,cartucho hp 667 original,https://produto.mercadolivre.com.br/MLB-5398732000-cartucho-tinta-hp-667xl-colorido-original-2776-2774-6476-_JM#polycard_client=search-nordic&position=47&search_layout=grid&type=item&tracking_id=bb83d872-6eee-4c0e-8da7-a5dd38adc914&wid=MLB5398732000&sid=search,0,2025-06-15 04:43:22
102,cartucho hp 667 original,https://produto.mercadolivre.com.br/MLB-3811459322-cartucho-hp-667-preto-2ml-original-237627766476-3ym79ab--_JM#polycard_client=search-nordic&position=48&search_layout=grid&type=item&tracking_id=bb83d872-6eee-4c0e-8da7-a5dd38adc914&wid=MLB3811459322&sid=search,0,2025-06-15 04:43:22
103,cartucho hp 667 original,https://produto.mercadolivre.com.br/MLB-3167549680-cartucho-de-tinha-hp-667-colorido-original-p-2376-2774-2776-_JM#polycard_client=search-nordic&position=49&search_layout=grid&type=item&tracking_id=bb83d872-6eee-4c0e-8da7-a5dd38adc914&wid=MLB3167549680&sid=search,0,2025-06-15 04:43:22
104,cartucho hp 667 original,https://produto.mercadolivre.com.br/MLB-2220488064-kit-cartucho-hp-667-preto-667-colorido-original-2376-2776-_JM#polycard_client=search-nordic&position=50&search_layout=grid&type=item&tracking_id=bb83d872-6eee-4c0e-8da7-a5dd38adc914&wid=MLB2220488064&sid=search,0,2025-06-15 04:43:22
105,cartucho hp 667 original,https://www.mercadolivre.com.br/kit--de-cartuchos-originais-hp-667-xl-black--color/up/MLBU778849052#polycard_client=search-nordic&searchVariation=MLBU778849052&wid=MLB4376130352&position=13&search_layout=grid&type=product&tracking_id=bb83d872-6eee-4c0e-8da7-a5dd38adc914&sid=search,0,2025-06-15 04:43:22
106,cartucho hp 667 original,https://produto.mercadolivre.com.br/MLB-5140674508-kit-com-3-cartuchos-hp-667-preto-2ml-3ym79ab-_JM#polycard_client=search-nordic&position=51&search_layout=grid&type=item&tracking_id=bb83d872-6eee-4c0e-8da7-a5dd38adc914&wid=MLB5140674508&sid=search,0,2025-06-15 04:43:22
107,cartucho hp 667 original,https://produto.mercadolivre.com.br/MLB-3837324286-cartucho-de-tinta-hp-667-colorido-advantage-original-_JM#polycard_client=search-nordic&position=52&search_layout=grid&type=item&tracking_id=bb83d872-6eee-4c0e-8da7-a5dd38adc914&wid=MLB3837324286&sid=search,0,2025-06-15 04:43:22
108,cartucho hp 667 original,https://www.mercadolivre.com.br/kit-4-cartucho-hp-667-667xl-deskjet-2776-preto/p/MLB47981210#polycard_client=search-nordic&searchVariation=MLB47981210&wid=MLB5350102808&position=7&search_layout=grid&type=product&tracking_id=bb83d872-6eee-4c0e-8da7-a5dd38adc914&sid=search,0,2025-06-15 04:43:22
109,cartucho hp 667 original,https://produto.mercadolivre.com.br/MLB-3310779285-kit-cartucho-original-hp-667-2-pretos-e-1-color-2300-2700-_JM#polycard_client=search-nordic&position=53&search_layout=grid&type=item&tracking_id=bb83d872-6eee-4c0e-8da7-a5dd38adc914&wid=MLB3310779285&sid=search,0,2025-06-15 04:43:22
110,cartucho hp 667 original,https://produto.mercadolivre.com.br/MLB-1623238137-cartucho-de-tinta-hp-667-color-original-1275-2376-2775-6475-_JM#polycard_client=search-nordic&position=54&search_layout=grid&type=item&tracking_id=bb83d872-6eee-4c0e-8da7-a5dd38adc914&wid=MLB1623238137&sid=search,0,2025-06-15 04:43:22
111,cartucho hp 667 original,https://produto.mercadolivre.com.br/MLB-4086391761-kit-2-cartucho-hp-667-preto-3ym79ab-deskjet-ink-advantage-_JM#polycard_client=search-nordic&position=55&search_layout=grid&type=item&tracking_id=bb83d872-6eee-4c0e-8da7-a5dd38adc914&wid=MLB4086391761&sid=search,0,2025-06-15 04:43:22
112,cartucho hp 667 original,https://produto.mercadolivre.com.br/MLB-2685013160-cartucho-hp-667-colorido-original-3ym78ab-2376-2776-6476-_JM#polycard_client=search-nordic&position=56&search_layout=grid&type=item&tracking_id=bb83d872-6eee-4c0e-8da7-a5dd38adc914&wid=MLB2685013160&sid=search,0,2025-06-15 04:43:22
113,cartucho hp 667 original,https://produto.mercadolivre.com.br/MLB-3670277526-kit-de-cartuchos-667-hp-2-pretos-e-1-colorido-original-_JM#polycard_client=search-nordic&position=57&search_layout=grid&type=item&tracking_id=bb83d872-6eee-4c0e-8da7-a5dd38adc914&wid=MLB3670277526&sid=search,0,2025-06-15 04:43:22
114,cartucho hp 667 original,https://www.mercadolivre.com.br/cartucho-de-tinta-hp-664-cor-pretotricolor-do-4-ml/p/MLB36804595#polycard_client=search-nordic&searchVariation=MLB36804595&wid=MLB5107301780&position=4&search_layout=grid&type=product&tracking_id=bb83d872-6eee-4c0e-8da7-a5dd38adc914&sid=search,0,2025-06-15 04:43:22
115,cartucho hp 667 original,https://click1.mercadolivre.com.br/mclics/clicks/external/MLB/count?a=bTEGyOMruAcMZkUtmDo4qre8wVaWcQbEy%2FTqHGRXS5aPKhYzshk71ZEbfUvuKsH50qBm9SJvCeN%2Fqa%2BjRnjQWDRkra%2Bhu1sQWT4pkwAqdSDgoOfOqzndWIcMOHSiupEZIcYl1LLgO0uOI6LXnp4phBCW%2BMklHj0ON7%2F7s%2Bi%2BT7t7c59uuuuVGQG0QLbhVDw1daCjkOD6dF2viLrf%2Fvrhjte6KXpga5jSqGA6t2XlN3woLUYaAaSUFqkB4S9%2BAfNm9%2BvV4re%2F2bxtX6J62C8jtfhPZGX0rLqGzGF2uh3Jb1rmI3dZX45RI%2Fix4AZ2PgHtU2FjHHkXPcSMDgutzzNzXD%2FAExLYKKG2rpXytpiZhIAYMK5lSq%2B4X6ZIN7gXa8ffMMD22hZ2au3eNep85NtiPhlUn7zRhlODFjej50l0bKusr19%2FIEMPzCzfgaALnVZsG8qM9RQJfAUmN1JGVox24gtf4c%2FuMEx%2FBo0qoUqPKEgpMklOC1TJXmH7Zela0aiZE8jYHXFMfLH4%2FHVqhqyGYqiPdcHgOcEb7%2FImUC2sRnd0V5b%2Boamf6BycBs2OyJgzY3Kgrv0AQk60EfIQEzaKgxEI6nQzuGSLvirRyRAa1ESHbJ%2BFqjRcHXbSrfVxS6MA3YHMwrfReelfLaT8ZnqhGeC%2FokcRwIdaSRRrcW%2BJ4IdnC69PEF8ORuBpQlcYE8T6slhDbetf7%2Fw5rHL3OkDUfGc9v7v56bZcpRC01alYJLodVB9gMf0FwknLhXq1nZEDCxBSUl%2FlIR0y2Qo%2BfU2wesV7vMgZAHOFlwB1KZPzMFBfFw%2BIR9Iau9WZkxcDmI%2BrO5O4%2Bpm19AzjcRovxGDebbW2N9g%3D#polycard_client=search-nordic&tracking_id=acda2f5e-b547-47d9-89c9-12418b3b9872&wid=MLB3208197871&sid=search,0,2025-06-15 04:43:34
116,cartucho hp 667 original,https://click1.mercadolivre.com.br/mclics/clicks/external/MLB/count?a=gS9Lb58QrrdpyFQ6B26yEbtgIGc8QI3j8zUwGQruvV5F3AhlFpKtHxQVFFOmopkDjBY%2Fq32pMV3dzyujKCe8KQTHvrg2Wjgciz3kCu4AfteJLbSPikELXMZ4mzu062TFelf9Xyj7INf%2BaSuEp7LQlpm1NZtHoWgo9F%2FCl2wpdT4W%2FrpBOmG77l2e91DMCbf3Z6pLayPYDKs74c9gXOX%2B8rqy17qVhe7Khkkcfuv9CP0CWeUkx%2BjogKGeFwGQII9skTG%2B9FY7WSQBARGiQUtEdgmQUhteRkPRrLBHO%2BAp836hXKK2AXLssAwWgmu2YZjHNgC1%2FPP3etH%2FKYzQ%2FdkoVTCmI%2B%2BN7xOX8cB8OYW%2BKg0Abg5osed1OLODKmeFlVZMYk1jkf5bk9wEtXoSQC6PdW2J%2BphebRJ%2BDIZ7fU6LQE90Tg%2BSXOzJ%2FoDd4AeoWgguej8QvLtuGpDlevjgm5Tt7U8caWe8qF9jf%2FW9zd07yez%2F3cy8rnX2NsPseZH0mugj6n6JUNy41IBPqh8cJB9WJgsjginMDsvNTLc3vKmSKl%2Fsyb3oQRsMPenPnT%2For28%2B%2FVZ5vwzuyqgMbJNy8%2F%2B2naP7GIwybGHkwZNiRnl34Osth2OrVdG%2FUEpG6Ixnjz4JNNkIH0XK53XooY4618BghBNEmAUBQGgbzsfv5D1%2F%2FOSI%2FtVcDjgU91%2F6oJyOhQ%2F0R8w5E0AZQGQ8fSCy6cmYrD3LpZyuxfBo5ravTurJx8f%2BXSwHoj%2FLA%2Fp%2FKl8rRZutF58z6eQqc0uC0tiYZvReKLgSAn9nIXQnNX%2Fc1K2JGUT%2BTVbLzDhcUKaDpbpopJ%2BoJIrgDZunNBST0pewh8qKvdmTbro%3D#polycard_client=search-nordic&tracking_id=acda2f5e-b547-47d9-89c9-12418b3b9872&wid=MLB4400115272&sid=search,0,2025-06-15 04:43:34
117,cartucho hp 667 original,https://click1.mercadolivre.com.br/mclics/clicks/external/MLB/count?a=mj2myqEGCaGK16%2B%2FP91ivLgHa4iVIBD38vF%2B1Tn%2Bu0BuKrqzWWKQnYloovip1MwvrgCX6JdZaNeUssUMoBy%2F3gYE45aGhZoznK3N2zyUVWu7Y%2F6tWuqZ9xw%2BqG8zx85WArmsB1TJg4A2dks9WRfK5Nq0E6VNzEBsAw%2FBoJGs5sfMKoCWu2oHK4HDVG6lJ05sVkdq1R8rloZThhza2OwGc1b%2FvkQSqJRvESjUag8Bbwktk3DR%2FxriRPx%2BFiRatsLscMMPO4h9ZvlayJ1WwiNqiLnwpqRNxz1EyZhdQ%2F04rHs1rAzzX9v7mNrzMhZtcTSd7C7SZ8NQ2dnCQXv%2BVd6imFz0usAlx3gJqONvyVNdJWTbR2fFX2XJJV8Ll7%2FJ2OfzZjlO5ZrhTYhuRYk0sDBFSVVzOUCYXmi1DUT6yKxCZOLCVRNN9BYRvdhr5sWiRkwt1gYGjd6GtrPqKJX4tIWgM4LIEH73z19ENmgfsQHpbYyfLB52PlioKhaUsPsR8E5smRPQxoMOzVfRxMfOKSgGwxFakZ%2F9opLS0Zd34yNWxv3TRdqy%2B2P7AY8nYfEst%2F%2B9ilVARxFRpTCdN8INl6UiKltUIRhvte9ETFU9wEOaW1tKNtWiTvinjhDpWsWTOQuy4SEUmpX%2FM3IH9JmDkSn97ukPJ4Tqp31pAvDbgk9Za7fi60%2B3HCwE4oKGVP1sIChYriDxwk7GK5ebx%2FdpiJxdyVXfEYzK8Xa87NFBreHNf0kNLK71NdNj9ZLCkAEfrYlTVMkEypGFpI7gJ6D75vrUecBTcF7OQp0p8%2Bd621HJwAUl%2B9RBgg8FaBEh4GfegDwE9NfSh0PR9Pd2B12P3%2FAFmWegtgwVu4oqYpr6AwE9RwERXf7T4zY08nCyXAqGOEEblavq3UFO7HkkRJNjZUXvzO9OHFK0J8C%2BbmDSreweWi4LsxtyA%2F2SYPkBekDinn96Gh8T6a%2FTHRD8rWABXIbUDntcQtR04TPEqLKcGu6pI62T03lvUw%3D%3D#polycard_client=search-nordic&tracking_id=acda2f5e-b547-47d9-89c9-12418b3b9872&wid=MLB4958865268&sid=search,0,2025-06-15 04:43:34
118,cartucho hp 667 original,https://produto.mercadolivre.com.br/MLB-3670301614-cartucho-hp-667-bk-original-hp-deskejet-1275-237-2774-_JM#polycard_client=search-nordic&position=14&search_layout=grid&type=item&tracking_id=acda2f5e-b547-47d9-89c9-12418b3b9872&wid=MLB3670301614&sid=search,0,2025-06-15 04:43:34
119,cartucho hp 667 original,https://www.mercadolivre.com.br/cartucho-de-tinta-hp-664-cor-pretotricolor-do-4-ml/p/MLB36804595#polycard_client=search-nordic&searchVariation=MLB36804595&wid=MLB5107301780&position=5&search_layout=grid&type=product&tracking_id=acda2f5e-b547-47d9-89c9-12418b3b9872&sid=search,0,2025-06-15 04:43:34
120,cartucho hp 667 original,https://produto.mercadolivre.com.br/MLB-5272913930-cartucho-667-preto-remanufaturado-_JM#polycard_client=search-nordic&position=15&search_layout=grid&type=item&tracking_id=acda2f5e-b547-47d9-89c9-12418b3b9872&wid=MLB5272913930&sid=search,0,2025-06-15 04:43:34
121,cartucho hp 667 original,https://produto.mercadolivre.com.br/MLB-2685019906-cartucho-tinta-original-hp-667-preto-advantage-2376-2776-_JM#polycard_client=search-nordic&position=16&search_layout=grid&type=item&tracking_id=acda2f5e-b547-47d9-89c9-12418b3b9872&wid=MLB2685019906&sid=search,0,2025-06-15 04:43:34
122,cartucho hp 667 original,https://produto.mercadolivre.com.br/MLB-3834394963-cartucho-de-tinta-hp-667-colorido-original-_JM#polycard_client=search-nordic&position=17&search_layout=grid&type=item&tracking_id=acda2f5e-b547-47d9-89c9-12418b3b9872&wid=MLB3834394963&sid=search,0,2025-06-15 04:43:34
123,cartucho hp 667 original,https://produto.mercadolivre.com.br/MLB-2606658146-2-cartuchos-hp-667-400-ml-tinta-2376-2774-6476-_JM#polycard_client=search-nordic&position=18&search_layout=grid&type=item&tracking_id=acda2f5e-b547-47d9-89c9-12418b3b9872&wid=MLB2606658146&sid=search,0,2025-06-15 04:43:34
124,cartucho hp 667 original,https://click1.mercadolivre.com.br/mclics/clicks/external/MLB/count?a=FPksbXp1FCnF7yocccGckDN9erbF2Pncu%2BK9wFo3VYwDSGW%2FWoEiQdginipPaNppyOomgEqQoO3TMT6m%2FLj3k758ITK7NPzJeuj9dUDC6611GfeFBTjt7bmGBrNikqzB769Imbi6RQ7wgcx3gK7ERxfZ6NNP8oy7z0qcc%2FtNlIo%2FvNIlLM6nRt01UY7hceSdhV4bMA1XqdTdzIdbg1ttAwRHBkpPPafWCD7vpmePDeiWRX4A39Tc0jslyI1%2FctbdhRMqYGkK5KtaEA015brhtu%2B4%2Fkt%2FUiHQ4h1%2B3C%2FwER4A%2FdMSZMYUYUD9Yttonnr5j8L7N6I1lXMFtTUW%2F18m1FdYsnAiPPPiVViQ0UHGoApHPIuivadNuiUyjTtOgtnYW8pF6G1eaXtXRb1dH0UgEsVHv9jeUdtLE0znu2preBDoj%2F6VD%2BCCwwTLmGh9R4O7L08f7eCNKSt2RKvrOlP7k2SasD4vu1z0ssTjVz4HikEcjBR3da16dLDe99bUx97u%2FJjfvh8PAfoTR790hSQHmbdEKr%2Fg8xfs58ssc4IqG8HcyU9LWJETr0b6gEpkQfEQ2CPJTfvfLY2vrHZQY8%2BW5F4%2BmYbBlHofhV37hQthCEe91TN%2BeEUqZiWkbLf%2FeFjMeflpj3wAkVJXcKxYjtghWnuxX5KeMZXPoaOfVk8qM7i8M3%2FIb9fowjGLOIwhZeMVegxbL5fzAG%2Bso5nPeHkXwjTaAbjLL8emYa3RQIWbWAZFQd5WVw4EJdAwVh1AcUQ67chVrJHDpo0WlXe9N1cQVUMab5O3bO2hJNSiwH1fD3wzMUOW2iwA6qsprjQSJ1%2FL0%2F2rQGmrIJ%2F8OSHmA4fBGw3XS%2Fljf%2B5y#polycard_client=search-nordic&tracking_id=acda2f5e-b547-47d9-89c9-12418b3b9872&wid=MLB2788449919&sid=search,0,2025-06-15 04:43:34
125,cartucho hp 667 original,https://click1.mercadolivre.com.br/mclics/clicks/external/MLB/count?a=PZSZXaXlXG4k9xyVDex9fHqs3pSeXdvBqxjEj5Qx%2BUnaCuWVaWmPaPhp1wk49NLLB36ckrf4dXRE%2FcdNL%2BrQdUCcp%2BOZb6NSlg7qunBpiBmYPpkBMu3FShNqmIk4Bcv8hDGosU0YukwxDARLPock5XAQx1SRSiawWk%2FFe0Rzuwd%2FBRewrlrLSPts4Aph4arVcUpXpbDukKQNAzKfKkGesieTZEyjKzeBZY2LFtg%2BISdgdoA2eBkyGS7fLXFu8Z6SxiU38H92KA%2FXzJNlQh39j%2BDv2yO8pzWNa1NISTsdCUce74j85T%2BJAkAqKrJIyPdm7B183gzitkY%2BTS5oAzFx%2FweQntHVcWwAXoti195nycQQB5cnx9Jo3DomyxAzJYHBzGPGUf3V4K4SczKiFQpG9wXnLSEycBkmiF6gbBkREIekL%2B7S6E0FipmE83AwkzYeQuKxf4WxdbHbZTt6a2OS2Cxcdz6EKL4yeMb4QiKmVoRlt68MBERiSaE2WNL5%2Fq2nv0WPgVlNLnUasf2yydxFt7LOMSJRKpEZjSTiEavoRA68eqKc6h72wnSIVp1R8OA4Vjwxb7a3ZSAc%2BB%2B1OwQRznaVzRQfJqJrYG0AEmTf%2BWzYl68nZ3OXr2ccKv5KHvgxbKeWmT%2FQCoFqc2sO6D27ktdfaJTB0G04BF7PB5ekB0k5LxzOnHfmtwvS5san4BHzAiUXyA8sqUN4pgvbanaX8vGIbUmpgS21tIazZQenfbnMcaxHg24HQd7QXGLqcB5%2FP89jIueqprI3stQWiX1UYHCfGWN7WqQkYI3QRp9TFE8tDKJwmCFLcbuX072F%2BPbj%2BvxM8X1dIzv7a%2BEW7plZ%2BqpN0rPsG9vuEnT%2Blg%3D%3D#polycard_client=search-nordic&tracking_id=acda2f5e-b547-47d9-89c9-12418b3b9872&wid=MLB1953458246&sid=search,0,2025-06-15 04:43:34
126,cartucho hp 667 original,https://click1.mercadolivre.com.br/mclics/clicks/external/MLB/count?a=ehXBZDGwmY5yxuuo3B51F7UAomq0hzDR0yrF%2BNOdyNgnO8ffNsV6A5DwnOaD96%2FDF9nzGF7f9qyErx%2Btf1kQciJWj%2FyGXsUB8SqpFn%2F6javXiLyNo7nADXhnZVHxGdLlQrjxZ9mpihaM0rhDiqOdfn%2Fd8O7CJNB1Zl7HziLLXbmiSs5u%2BHxsDpHDqHfiS9eXgk2TMzdVTGrc1AbtjJ2hCYPkKFk%2B%2B6MdjwXLkb8jFgmq1kjJ8R9cle%2BU6abCuwQT%2BZGURgUOOWyK%2FVTGTWB0zOSaD%2B%2BxFwXWfh6%2BRPQjKMzyf7Dh6e7noy65%2B3WQy%2F08ALCsHSul6Ky0vjmHlYvmVoyM0JyusBApQwmv1cjuVaFq7k6CLMFEA4OKuycM%2FrpJm8ZH2sXMn2CV2HnnemO0Fu1eLLMUipamSfvtjb93LCesWSYSpcY1QHf0e%2FxpYERVxq6uxCI5cvEtXeqWzweFJP6ZSySm0kAEfcqI1aq3q1a9gkzbTGce0yG4b77WPpbWuEmCKo6w2VnF05Zbl5GKJik9Qa3D04zfkz6fB6rhfRAOcuamiQuijAoCU%2BJr%2BUHRgFw1yNtXUC8n4kTQdUgeugm3x7urbvPo2uQNipjVXIOoPyLDXjFMzoO%2F59x4ApZ8jO18wXfomHYM2GWkKXBSHbkzp5wnzQl9JqPWqmUbP7ToUp5JQ%2B%2Bq78nAtTH3cVlaHBSD5yM2tSkWsT90%2Fn1zOR%2B4Gsucb41S7gZaARd6tPe9T2bP12bHkaQU89kYviFAdYq7HjuFYblWP9KjzIMpVr4zrBRSRaZW%2B5wvIsfA46ImlbZae9yUHyU5V6gDzT09dL%2BqC40%2FwDrqEgtzImUhVfZ2kf4Iyu7v4GtZ1IEB0548p0JjtbyULun9RVy%2BbBF3C6FzDdDeGd1l%2FQDdy46%2FA9HCq0jK4UKVxnwe%2BWkNdN%2F%2FkrzMDAcpOBIYqk%2FugCYoEtAZNFVsjjoXFVrJE%2FzyKSpTtP%2F5hQpH5i6umGb9#polycard_client=search-nordic&tracking_id=acda2f5e-b547-47d9-89c9-12418b3b9872&wid=MLB5293341574&sid=search,0,2025-06-15 04:43:34
127,cartucho hp 667 original,https://produto.mercadolivre.com.br/MLB-3550224509-cartucho-tinta-original-hp-667-preto-advantage-2376-3ym79al-_JM#polycard_client=search-nordic&position=22&search_layout=grid&type=item&tracking_id=acda2f5e-b547-47d9-89c9-12418b3b9872&wid=MLB3550224509&sid=search,0,2025-06-15 04:43:34
128,cartucho hp 667 original,https://produto.mercadolivre.com.br/MLB-1754285285-kit-cartucho-667-preto-color-original-hp-2376-2775-2776-6476-_JM#polycard_client=search-nordic&position=23&search_layout=grid&type=item&tracking_id=acda2f5e-b547-47d9-89c9-12418b3b9872&wid=MLB1754285285&sid=search,0,2025-06-15 04:43:34
129,cartucho hp 667 original,https://produto.mercadolivre.com.br/MLB-3389966487-kit-cartucho-original-hp-667-2-pretos-e-1-color-2300-2700-_JM#polycard_client=search-nordic&position=24&search_layout=grid&type=item&tracking_id=acda2f5e-b547-47d9-89c9-12418b3b9872&wid=MLB3389966487&sid=search,0,2025-06-15 04:43:34
130,cartucho hp 667 original,https://produto.mercadolivre.com.br/MLB-5353815238-kit-cartucho-hp-667-667xl-deskjet-2776-preto-e-color-_JM#polycard_client=search-nordic&position=25&search_layout=grid&type=item&tracking_id=acda2f5e-b547-47d9-89c9-12418b3b9872&wid=MLB5353815238&sid=search,0,2025-06-15 04:43:34
131,cartucho hp 667 original,https://produto.mercadolivre.com.br/MLB-3351832009-cartucho-hp-deskjet-667-3ym78ab-original-2ml-de-tinta-color-_JM#polycard_client=search-nordic&position=26&search_layout=grid&type=item&tracking_id=acda2f5e-b547-47d9-89c9-12418b3b9872&wid=MLB3351832009&sid=search,0,2025-06-15 04:43:34
132,cartucho hp 667 original,https://produto.mercadolivre.com.br/MLB-1865574018-kit-cartucho-hp-667-preto-cartucho-hp-667-color-original-_JM#polycard_client=search-nordic&position=27&search_layout=grid&type=item&tracking_id=acda2f5e-b547-47d9-89c9-12418b3b9872&wid=MLB1865574018&sid=search,0,2025-06-15 04:43:34
133,cartucho hp 667 original,https://click1.mercadolivre.com.br/mclics/clicks/external/MLB/count?a=OPYARXgqcWn2MvwFvc0Aqmn0A64f3A63SCFQxDBoWxeKelHmklKiCNzyoGo8XphH%2B6ezw6FE3TI6GIeM%2F49PBB0e9EjuOHL3AtNYkcLkD0%2B104fSER1jK30NNU1Yp24ZPiU8c3cgLcKJaJ%2B6N4Z%2BnKx85mp5c0LrQK8uWS6X5imsx7%2BzzHog1Hq27nWERI%2Fs2s8Y%2BJUyAeuNf3op4YsmGxDsNzVfSTIfCbKmOGKnbhQbEt6pbHbN7ZcZxApx0%2FSkmJ72CvJYnR%2BlgHq7VB3jIIJUcDmbAqPDfN0bXuWKkTvhrqSJ3oYT9n9d3Ip8n10%2BVZc9jOxquhHtIvT%2BxhQbNEjNLNBLao%2FfX2WWHquyjz2Pq3vGyMtUfnPGxZys9414Yz1rcmPTpLBcTLqKgMfvRCNZBB0wMC0vkxxUC1Xq3WuS1oMNgn186uChjrUXvZr3ctxJ3eqfWtuzTUBnvDdNcc%2BrPNM2CC%2Faq5xFfEnIEuM%2Fz%2Bo8lZOI3iwawNLvMUnOND6etm33vR4EVN%2FuUiqpKzgdRJuUGZj57JlIjilVoheNEvlmRf0Ydx51n%2F65ugi7q95zP2JWLc3ZE4p1fp%2BTZqV4%2Fi46G7fd2hsN3P%2FzR7wMJgXsJLD75y98Thdb3R1D%2FmrZtyw6%2B85%2FYZZ1SfWRu0Bxcd15%2BGN51q1R0HQ56n4d5KseUEZWMATCZ3O42OhWg8cr7Dbg%2B4K0hnFGMdvyAWlzRu7zua83yYyqXxxdswisS5kNh%2FaUSZaDNhqVJ2CwhqAbq7jeH%2FaAbAqNQ4H9IT6mQ%2BcmtLE2zt1Fq3VeJ9CMpAC0a41RdgEH4wITMhIsNB1sFVBTQyWnDW6PwGUOWpMWWMjCHd%2Fwnepg72ZfRTV2CS3kDDTXA7gBXTH35mR%2FxCQ%2FHaNjYxGzkCeVx7Yn%2FyKHJfDw2km%2FpnyAHvAdlw651tvY%2FrdgDtZ%2FEpWQzr6JO2AgcRatP0q8we2rm2lA%2Bj3iZUelB4AqgEE%3D#polycard_client=search-nordic&tracking_id=acda2f5e-b547-47d9-89c9-12418b3b9872&wid=MLB5405826262&sid=search,0,2025-06-15 04:43:34
134,cartucho hp 667 original,https://click1.mercadolivre.com.br/mclics/clicks/external/MLB/count?a=05zAs1M3F88NGMvoXPWaiy1h%2FUR7t9w5OZdYvHLt0I43%2FwTvk%2B5uw3PjTnMsFUzcT6xhqRLAiFiI%2BhG77b7y%2BDN24nQVZWQ7tZBPa6fMuW00z%2B%2FSLWGrGzr5ecepxhE%2BIhaDC89oZfN8UVcQu5KlUoNeSo7opvg324jSlK5O9H1Riq1VGgalcsGDdpgVfp%2BW9fY2tkqUlnbMMlrGb6xHDVfxhlue9aLCYv2goXab9783%2BmTp8V%2BUTrK4T5vM%2FEyrGWzpsMFxrMA7l4NDeO2L2g9L5CugdgEFqPfI6jOUDhUaR3SOv7yjIDAw5bW%2FIMzgRQ2t9ezl%2BelawwaPbEgcjN2QNvn5OdcT6pwlRxoW5aORnhq0wVvApKoO3vYMO7HjmU%2FbvY3U1tGtZGE02dbYd01Vay2DKZuzRf652x9VcJtm%2Fp6YAMmGkd5ggsUVhKXCfAnbYGav5sibKlfoHAGBWIU9v8Nt5y6bdHgSnM3N1guuXNA2zHeO%2Bbun5kl7KLDZb03anp0NbKVqrluCvctT1nEOajChoBs9MfsDBfb12MY46szyfZIlh6tg1g%2FiuoTH8JKqtse%2FhoVGX5P81EP5UmwI2NaGjExoSL2Xc3qneWbBK3giMS5NCYspwkM3kBNoOsSYt79A37taoMExy97p4ddbf5wzeQf0U81QlBSRhfThrFl4huw6biCCzKCoM%2Bbuxgta8WBmAfqJI9eZTM9ot5FDGOu0kT%2BfZco8fHlOl1HTU1unp0LAsu5OxNxS65HTqp9XCQGlbm%2BmzEyeuFKmkb4CbqtRPZ%2FucUU%2F9S1n%2Fl7jCJDmgj2seAsRr35TqLUp8yYm2KnZRvpGdWcBp3MXA7YMy02bJ360CnhrDyX8OScqHiMWrvInd2IhqnEryGTju3pBje16OvWpN6pVEZS5YrZ7XTCTJBcHrMv3Ie0JZx7hDKxqeIoIapZ%2F55u1mtDhRQNTdSmjOeTxpW2jpC4419Xn%2B4bhs5JiOP3Zvk1gjPtX93QqhpOLJI3rDw%3D%3D#polycard_client=search-nordic&tracking_id=acda2f5e-b547-47d9-89c9-12418b3b9872&wid=MLB5370579290&sid=search,0,2025-06-15 04:43:34
135,cartucho hp 667 original,https://click1.mercadolivre.com.br/mclics/clicks/external/MLB/count?a=5zj8DPPy9UYzY0OeH2Q6oTbeJ5QvktD8mjaPBTle9CyV8FXn2Cs5K9JEOjkYMCrsFPy6WnQmDKOZKCTyxd3zwMDx%2BisbVlMQj5oE6jzVGYOY05clHLtgSMkcyFqwmoGLBZQTezgrFMICc%2FxaV4k8j%2FBrstLQBsYDqaJEnRFPhAdDhufGyhWWvfRkIq2%2BKwzourrcp7iDQ%2BHxxBg%2BQynE49a25k2BOXxVRD83SaMNeGDRpmsDh%2FyAShM9bJ8GQHhKKcBDf6GD6PauVSldokbfB6AsT2BlmHNWTl3G24yo4PpSYbjJ8u5%2B3CgYQoVz1kDOYRzn%2FULnUD70%2FZ9I%2BCdRGTFBor7xlqtoli0WuJzD4NY2jbupg4EMEmhgVdNKZQHx5hwbRH4lOm5nCB4VD2Rd8nPjCkArLdLDsdoHxzdgNiFV%2Fkuj6D%2F1k0YeZNul95l257uy1uU1DgJK3MeNu7Tv6o7d3nHI%2BNA%2F6qzf7az5mTk0n2Xw4zETeYVZIrLuIvVO1nXZUClZV5mPOwC3h2BkZ3RdwZkV9GtWyLotAyAplwkNHwBaD2%2BvJIbIymypsy5jmvjwDMx3dmTjTKcdk0TJHh9yguiNgFIlvqXem1OX4TzCQEJ3AJeNZid6pntbPe4pVLMblvp5Pulwgxv3xglaq3pR0CpQakkH2sEAh1AEG%2B2JS775o%2F7JvVjjBZaq5z%2BIsvPEYrNFyZ5gnsBWqHloF6o1L3OXhjOt2yPvf4vlaLVEaV%2Fg1WOPlN5VxY7QQScYTiGuMnifYS2g8yLD%2Ba7glnNxAOpILSfwrv840DH2NxdAzW%2Bbcg1xZF09AMivP0FMNbbDJ9AKheZTpFh1L6AwF7RwMZdztKFS03nO#polycard_client=search-nordic&tracking_id=acda2f5e-b547-47d9-89c9-12418b3b9872&wid=MLB3282016341&sid=search,0,2025-06-15 04:43:34
136,cartucho hp 667 original,https://produto.mercadolivre.com.br/MLB-1893439401-kit-2-cartucho-hp-667-preto-3ym79al-original-2776-2376-6476-_JM#polycard_client=search-nordic&position=28&search_layout=grid&type=item&tracking_id=acda2f5e-b547-47d9-89c9-12418b3b9872&wid=MLB1893439401&sid=search,0,2025-06-15 04:43:34
137,cartucho hp 667 original,https://produto.mercadolivre.com.br/MLB-3365389109-cartucho-hp-667-3ym79al-preto-original-lacrado-garantia-hp-_JM#polycard_client=search-nordic&position=29&search_layout=grid&type=item&tracking_id=acda2f5e-b547-47d9-89c9-12418b3b9872&wid=MLB3365389109&sid=search,0,2025-06-15 04:43:34
138,cartucho hp 667 original,https://produto.mercadolivre.com.br/MLB-2685013441-cartucho-667-hp-preto-original-1275-2374-2376-2775-6476-_JM#polycard_client=search-nordic&position=30&search_layout=grid&type=item&tracking_id=acda2f5e-b547-47d9-89c9-12418b3b9872&wid=MLB2685013441&sid=search,0,2025-06-15 04:43:34
139,cartucho hp 667 original,https://produto.mercadolivre.com.br/MLB-5377910872-kit-2-cartucho-hp-667-preto-e-color-hp-deskjet-2376-2874-_JM#polycard_client=search-nordic&position=31&search_layout=grid&type=item&tracking_id=acda2f5e-b547-47d9-89c9-12418b3b9872&wid=MLB5377910872&sid=search,0,2025-06-15 04:43:34
140,cartucho hp 667 original,https://produto.mercadolivre.com.br/MLB-1666260538-kit-cartuchos-hp-667-xl-preto-color-1275-2376-2775-2776-6475-_JM#polycard_client=search-nordic&position=32&search_layout=grid&type=item&tracking_id=acda2f5e-b547-47d9-89c9-12418b3b9872&wid=MLB1666260538&sid=search,0,2025-06-15 04:43:34
141,cartucho hp 667 original,https://produto.mercadolivre.com.br/MLB-3512772604-cartucho-tinta-original-hp-667-preto-advantage-2376-2776-_JM#polycard_client=search-nordic&position=33&search_layout=grid&type=item&tracking_id=acda2f5e-b547-47d9-89c9-12418b3b9872&wid=MLB3512772604&sid=search,0,2025-06-15 04:43:34
142,cartucho hp 667 original,https://produto.mercadolivre.com.br/MLB-5341144830-cartucho-de-tinta-original-hp-667-preto-2ml-colorido-2ml-_JM#polycard_client=search-nordic&position=34&search_layout=grid&type=item&tracking_id=acda2f5e-b547-47d9-89c9-12418b3b9872&wid=MLB5341144830&sid=search,0,2025-06-15 04:43:34
143,cartucho hp 667 original,https://produto.mercadolivre.com.br/MLB-2173467724-cartucho-tinta-original-hp-667-colorido-advantage-2376-2776-_JM#polycard_client=search-nordic&position=35&search_layout=grid&type=item&tracking_id=acda2f5e-b547-47d9-89c9-12418b3b9872&wid=MLB2173467724&sid=search,0,2025-06-15 04:43:34
144,cartucho hp 667 original,https://produto.mercadolivre.com.br/MLB-2685000672-cartucho-hp-667-preto-cartucho-hp-667-colorido-_JM#polycard_client=search-nordic&position=36&search_layout=grid&type=item&tracking_id=acda2f5e-b547-47d9-89c9-12418b3b9872&wid=MLB2685000672&sid=search,0,2025-06-15 04:43:34
145,cartucho hp 667 original,https://produto.mercadolivre.com.br/MLB-5211174164-cartucho-de-tinta-hp-667xl-85ml-preto-advantage-original-_JM#polycard_client=search-nordic&position=37&search_layout=grid&type=item&tracking_id=acda2f5e-b547-47d9-89c9-12418b3b9872&wid=MLB5211174164&sid=search,0,2025-06-15 04:43:34
146,cartucho hp 667 original,https://produto.mercadolivre.com.br/MLB-3670308692-kit-com-2-cartuchos-hp-667-color-original-envio-imediato-_JM#polycard_client=search-nordic&position=38&search_layout=grid&type=item&tracking_id=acda2f5e-b547-47d9-89c9-12418b3b9872&wid=MLB3670308692&sid=search,0,2025-06-15 04:43:34
147,cartucho hp 667 original,https://produto.mercadolivre.com.br/MLB-1774404812-cartucho-667xl-preto-original-hp-2375-2376-2775-2776-6476-_JM#polycard_client=search-nordic&position=39&search_layout=grid&type=item&tracking_id=acda2f5e-b547-47d9-89c9-12418b3b9872&wid=MLB1774404812&sid=search,0,2025-06-15 04:43:34
148,cartucho hp 667 original,https://www.mercadolivre.com.br/cartucho-de-tinta-hp-667xl-cor-colorido-do-85-ml/p/MLB36869988#polycard_client=search-nordic&searchVariation=MLB36869988&wid=MLB5167347044&position=6&search_layout=grid&type=product&tracking_id=acda2f5e-b547-47d9-89c9-12418b3b9872&sid=search,0,2025-06-15 04:43:34
149,cartucho hp 667 original,https://produto.mercadolivre.com.br/MLB-3557345941-kit-cartucho-tinta-original-hp-667-preto-colorido-2376-2774-_JM#polycard_client=search-nordic&position=40&search_layout=grid&type=item&tracking_id=acda2f5e-b547-47d9-89c9-12418b3b9872&wid=MLB3557345941&sid=search,0,2025-06-15 04:43:34
150,cartucho hp 667 original,https://www.mercadolivre.com.br/cartucho-hp-667-preto-original-3ym79ab/up/MLBU1738431375#polycard_client=search-nordic&searchVariation=MLBU1738431375&wid=MLB3763558239&position=7&search_layout=grid&type=product&tracking_id=acda2f5e-b547-47d9-89c9-12418b3b9872&sid=search,0,2025-06-15 04:43:34
151,cartucho hp 667 original,https://produto.mercadolivre.com.br/MLB-3351672587-cartucho-hp-667-color-deskjet-ink-advantage-2375-original-_JM#polycard_client=search-nordic&position=41&search_layout=grid&type=item&tracking_id=acda2f5e-b547-47d9-89c9-12418b3b9872&wid=MLB3351672587&sid=search,0,2025-06-15 04:43:34
152,cartucho hp 667 original,https://produto.mercadolivre.com.br/MLB-3729435692-cartucho-hp-667-color-deskjet-ink-advantage-2776-original-_JM#polycard_client=search-nordic&position=42&search_layout=grid&type=item&tracking_id=acda2f5e-b547-47d9-89c9-12418b3b9872&wid=MLB3729435692&sid=search,0,2025-06-15 04:43:34
153,cartucho hp 667 original,https://produto.mercadolivre.com.br/MLB-2966263923-kit-cartucho-hp-667xl-original-pretocolor-para-2376-2774-_JM#polycard_client=search-nordic&position=43&search_layout=grid&type=item&tracking_id=acda2f5e-b547-47d9-89c9-12418b3b9872&wid=MLB2966263923&sid=search,0,2025-06-15 04:43:34
154,cartucho hp 667 original,https://produto.mercadolivre.com.br/MLB-3837333214-cartucho-hp-667-preto-cartucho-hp-667-colorido-_JM#polycard_client=search-nordic&position=44&search_layout=grid&type=item&tracking_id=acda2f5e-b547-47d9-89c9-12418b3b9872&wid=MLB3837333214&sid=search,0,2025-06-15 04:43:34
155,cartucho hp 667 original,https://produto.mercadolivre.com.br/MLB-3243599681-cartucho-tinta-original-hp-667xl-2776-2376-3ym81al-preto-_JM#polycard_client=search-nordic&position=45&search_layout=grid&type=item&tracking_id=acda2f5e-b547-47d9-89c9-12418b3b9872&wid=MLB3243599681&sid=search,0,2025-06-15 04:43:35
156,cartucho hp 667 original,https://www.mercadolivre.com.br/cartucho-hp-667-colorido-original-3ym78ab/up/MLBU1738430643#polycard_client=search-nordic&searchVariation=MLBU1738430643&wid=MLB3763623649&position=8&search_layout=grid&type=product&tracking_id=acda2f5e-b547-47d9-89c9-12418b3b9872&sid=search,0,2025-06-15 04:43:35
157,cartucho hp 667 original,https://produto.mercadolivre.com.br/MLB-3801552378-kit-3-cartuchos-hp-667-preto-original-p-2374-2376-2774-2776-_JM#polycard_client=search-nordic&position=46&search_layout=grid&type=item&tracking_id=acda2f5e-b547-47d9-89c9-12418b3b9872&wid=MLB3801552378&sid=search,0,2025-06-15 04:43:35
158,cartucho hp 667 original,https://produto.mercadolivre.com.br/MLB-1889706315-kit-2-cartuchos-hp-667-preto-2-hp-667-color-2376-2776-_JM#polycard_client=search-nordic&position=47&search_layout=grid&type=item&tracking_id=acda2f5e-b547-47d9-89c9-12418b3b9872&wid=MLB1889706315&sid=search,0,2025-06-15 04:43:35
159,cartucho hp 667 original,https://produto.mercadolivre.com.br/MLB-3307578101-kit-2-cartuchos-de-tinta-hp-667-preta-2376-2774-2776-2874-_JM#polycard_client=search-nordic&position=48&search_layout=grid&type=item&tracking_id=acda2f5e-b547-47d9-89c9-12418b3b9872&wid=MLB3307578101&sid=search,0,2025-06-15 04:43:35
160,cartucho hp 667 original,https://www.mercadolivre.com.br/cartucho-de-tinta-hp-667xl-8ml-colorido-advantage/p/MLB36752167#polycard_client=search-nordic&searchVariation=MLB36752167&wid=MLB5314640792&position=9&search_layout=grid&type=product&tracking_id=acda2f5e-b547-47d9-89c9-12418b3b9872&sid=search,0,2025-06-15 04:43:35
161,cartucho hp 667 original,https://produto.mercadolivre.com.br/MLB-2965272198-kit-cartucho-hp-667-preto-667-colorido-original-2376-2776-_JM#polycard_client=search-nordic&position=49&search_layout=grid&type=item&tracking_id=acda2f5e-b547-47d9-89c9-12418b3b9872&wid=MLB2965272198&sid=search,0,2025-06-15 04:43:35
162,cartucho hp 667 original,https://produto.mercadolivre.com.br/MLB-2685030791-cartucho-hp-667-preto-original-para-2774-2775-2776-2777-2376-_JM#polycard_client=search-nordic&position=50&search_layout=grid&type=item&tracking_id=acda2f5e-b547-47d9-89c9-12418b3b9872&wid=MLB2685030791&sid=search,0,2025-06-15 04:43:35
163,cartucho hp 667 original,https://www.mercadolivre.com.br/kit-de-cartucho-de-tinta-preto-e-tricolor-hp-667-ink-advantage/p/MLB37201396#polycard_client=search-nordic&searchVariation=MLB37201396&wid=MLB3940454909&position=13&search_layout=grid&type=product&tracking_id=acda2f5e-b547-47d9-89c9-12418b3b9872&sid=search,0,2025-06-15 04:43:35
164,cartucho hp 667 original,https://produto.mercadolivre.com.br/MLB-3729669490-cartucho-de-tinta-hp-667-3ym78ab-color-impressora-deskejet-_JM#polycard_client=search-nordic&position=51&search_layout=grid&type=item&tracking_id=acda2f5e-b547-47d9-89c9-12418b3b9872&wid=MLB3729669490&sid=search,0,2025-06-15 04:43:35
165,cartucho hp 667 original,https://produto.mercadolivre.com.br/MLB-4035829627-kit-2-cartuchos-hp-667-xl-remanufaturado-18ml-1a-carga-orig-_JM#polycard_client=search-nordic&position=52&search_layout=grid&type=item&tracking_id=acda2f5e-b547-47d9-89c9-12418b3b9872&wid=MLB4035829627&sid=search,0,2025-06-15 04:43:35
166,cartucho hp 667 original,https://produto.mercadolivre.com.br/MLB-1961121127-cartucho-hp-667-preto-original-_JM#polycard_client=search-nordic&position=53&search_layout=grid&type=item&tracking_id=acda2f5e-b547-47d9-89c9-12418b3b9872&wid=MLB1961121127&sid=search,0,2025-06-15 04:43:35
167,cartucho hp 667 original,https://produto.mercadolivre.com.br/MLB-1746589748-kit-2-cartuchos-hp-667-preto-e-color-hp-deskjet-2776-2775-_JM#polycard_client=search-nordic&position=54&search_layout=grid&type=item&tracking_id=acda2f5e-b547-47d9-89c9-12418b3b9872&wid=MLB1746589748&sid=search,0,2025-06-15 04:43:35
168,cartucho hp 667 original,https://produto.mercadolivre.com.br/MLB-4076286277-cartucho-de-tinta-hp-tricolor-667-2774-2776-2874-_JM#polycard_client=search-nordic&position=55&search_layout=grid&type=item&tracking_id=acda2f5e-b547-47d9-89c9-12418b3b9872&wid=MLB4076286277&sid=search,0,2025-06-15 04:43:35
169,cartucho hp 667 original,https://produto.mercadolivre.com.br/MLB-2685000181-kit-cartucho-hp-667-preto-667-colorido-original-2376-2776-_JM#polycard_client=search-nordic&position=56&search_layout=grid&type=item&tracking_id=acda2f5e-b547-47d9-89c9-12418b3b9872&wid=MLB2685000181&sid=search,0,2025-06-15 04:43:35
170,cartucho hp 667 original,https://produto.mercadolivre.com.br/MLB-3557268917-kit-cartucho-tinta-original-hp-667-preto-colorido-2376-2774-_JM#polycard_client=search-nordic&position=57&search_layout=grid&type=item&tracking_id=acda2f5e-b547-47d9-89c9-12418b3b9872&wid=MLB3557268917&sid=search,0,2025-06-15 04:43:35
171,cartucho hp 667 original,https://www.mercadolivre.com.br/hp-667xl-cartucho-de-tinta-preta-3ym80al/p/MLB22549449#polycard_client=search-nordic&searchVariation=MLB22549449&backend_model=search-backend&wid=MLB5405826262&position=4&search_layout=grid&type=product&tracking_id=acda2f5e-b547-47d9-89c9-12418b3b9872&sid=search,0,2025-06-15 04:43:35
